Title,Item number,Quantity,Custom label,Starting price,Buy It Now price,Format,Duration,Condition,Shipping Policy,Payment Policy,Return policy,Category,Category ID,Store category,
"NGK G-Power Platinum Spark Plug LZTR5AGP (10 Pack) for DODGE VIPER SRT-10",324064705115,10,"LZTR5AGP/3381&-105",,"$62.67",Fixed price,Good 'Til Cancelled,New,"","","","eBay Motors > Parts & Accessories > Car & Truck Parts > Accessories",179413,1,
"NGK G-Power Platinum Spark Plug LZTR5AGP (10 Pack) for DODGE VIPER SRT-10 ACR",324064705146,10,"LZTR5AGP/3381&-106",,"$62.67",Fixed price,Good 'Til Cancelled,New,"","","","eBay Motors > Parts & Accessories > Car & Truck Parts > Accessories",179413,1,
"NGK G-Power Platinum Spark Plug LZTR5AGP (4 Pack) for CHRYSLER PT CRUISER",312982206854,10,"LZTR5AGP/3381&-17",,"$37.29",Fixed price,Good 'Til Cancelled,New,"","","","eBay Motors > Parts & Accessories > Car & Truck Parts > Accessories",179413,1,
"NGK G-Power Platinum Spark Plug LZTR5AGP (4 Pack) for CHRYSLER PT CRUISER",372942714839,10,"LZTR5AGP/3381&-11",,"$37.29",Fixed price,Good 'Til Cancelled,New,"","","","eBay Motors > Parts & Accessories > Car & Truck Parts > Accessories",179413,1,
"NGK G-Power Platinum Spark Plug LZTR5AGP (4 Pack) for CHRYSLER PT CRUISER",372942714805,10,"LZTR5AGP/3381&-9",,"$37.29",Fixed price,Good 'Til Cancelled,New,"","","","eBay Motors > Parts & Accessories > Car & Truck Parts > Accessories",179413,1,
"NGK G-Power Platinum Spark Plug LZTR5AGP (4 Pack) for CHRYSLER PT CRUISER",372942714852,10,"LZTR5AGP/3381&-12",,"$37.29",Fixed price,Good 'Til Cancelled,New,"","","","eBay Motors > Parts & Accessories > Car & Truck Parts > Accessories",179413,1,
"NGK G-Power Platinum Spark Plug LZTR5AGP (4 Pack) for CHRYSLER PT CRUISER",372942714838,10,"LZTR5AGP/3381&-16",,"$37.29",Fixed price,Good 'Til Cancelled,New,"","","","eBay Motors > Parts & Accessories > Car & Truck Parts > Accessories",179413,1,
"NGK G-Power Platinum Spark Plug LZTR5AGP (4 Pack) for CHRYSLER PT CRUISER",372942714826,10,"LZTR5AGP/3381&-10",,"$37.29",Fixed price,Good 'Til Cancelled,New,"","","","eBay Motors > Parts & Accessories > Car & Truck Parts > Accessories",179413,1,
"NGK G-Power Platinum Spark Plug LZTR5AGP (4 Pack) for CHRYSLER PT CRUISER",324064705074,10,"LZTR5AGP/3381&-14",,"$37.29",Fixed price,Good 'Til Cancelled,New,"","","","eBay Motors > Parts & Accessories > Car & Truck Parts > Accessories",179413,1,
"NGK G-Power Platinum Spark Plug LZTR5AGP (4 Pack) for CHRYSLER PT CRUISER GT",372942714776,10,"LZTR5AGP/3381&-13",,"$37.29",Fixed price,Good 'Til Cancelled,New,"","","","eBay Motors > Parts & Accessories > Car & Truck Parts > Accessories",179413,1,
"NGK G-Power Platinum Spark Plug LZTR5AGP (4 Pack) for CHRYSLER PT CRUISER LX",312982206730,10,"LZTR5AGP/3381&-15",,"$37.29",Fixed price,Good 'Til Cancelled,New,"","","","eBay Motors > Parts & Accessories > Car & Truck Parts > Accessories",179413,1,
"NGK G-Power Platinum Spark Plug LZTR5AGP (4 Pack) for CHRYSLER SEBRING BASE",324064705018,10,"LZTR5AGP/3381&-19",,"$37.29",Fixed price,Good 'Til Cancelled,New,"","","","eBay Motors > Parts & Accessories > Car & Truck Parts > Accessories",179413,1,
"NGK G-Power Platinum Spark Plug LZTR5AGP (4 Pack) for CHRYSLER SEBRING LX",312982206907,10,"LZTR5AGP/3381&-24",,"$37.29",Fixed price,Good 'Til Cancelled,New,"","","","eBay Motors > Parts & Accessories > Car & Truck Parts > Accessories",179413,1,
"NGK G-Power Platinum Spark Plug LZTR5AGP (4 Pack) for CHRYSLER SEBRING LX PLUS",324064705124,10,"LZTR5AGP/3381&-28",,"$37.29",Fixed price,Good 'Til Cancelled,New,"","","","eBay Motors > Parts & Accessories > Car & Truck Parts > Accessories",179413,1,
"NGK G-Power Platinum Spark Plug LZTR5AGP (4 Pack) for CHRYSLER VOYAGER BASE",324064705071,10,"LZTR5AGP/3381&-50",,"$37.29",Fixed price,Good 'Til Cancelled,New,"","","","eBay Motors > Parts & Accessories > Car & Truck Parts > Accessories",179413,1,
"NGK G-Power Platinum Spark Plug LZTR5AGP (4 Pack) for CHRYSLER VOYAGER LX",372942714841,10,"LZTR5AGP/3381&-53",,"$37.29",Fixed price,Good 'Til Cancelled,New,"","","","eBay Motors > Parts & Accessories > Car & Truck Parts > Accessories",179413,1,
"NGK G-Power Platinum Spark Plug LZTR5AGP (4 Pack) for DODGE CARAVAN EC",324064705169,10,"LZTR5AGP/3381&-59",,"$37.29",Fixed price,Good 'Til Cancelled,New,"","","","eBay Motors > Parts & Accessories > Car & Truck Parts > Accessories",179413,1,
"NGK G-Power Platinum Spark Plug LZTR5AGP (4 Pack) for DODGE CARAVAN SE",324064705028,10,"LZTR5AGP/3381&-61",,"$37.29",Fixed price,Good 'Til Cancelled,New,"","","","eBay Motors > Parts & Accessories > Car & Truck Parts > Accessories",179413,1,
"NGK G-Power Platinum Spark Plug LZTR5AGP (4 Pack) for DODGE NEON SRT-4",324064705142,10,"LZTR5AGP/3381&-94",,"$37.29",Fixed price,Good 'Til Cancelled,New,"","","","eBay Motors > Parts & Accessories > Car & Truck Parts > Accessories",179413,1,
"NGK G-Power Platinum Spark Plug LZTR5AGP (4 Pack) for DODGE STRATUS ES",324064705173,10,"LZTR5AGP/3381&-95",,"$37.29",Fixed price,Good 'Til Cancelled,New,"","","","eBay Motors > Parts & Accessories > Car & Truck Parts > Accessories",179413,1,
"NGK G-Power Platinum Spark Plug LZTR5AGP (4 Pack) for DODGE STRATUS SE",372942714801,10,"LZTR5AGP/3381&-98",,"$37.29",Fixed price,Good 'Til Cancelled,New,"","","","eBay Motors > Parts & Accessories > Car & Truck Parts > Accessories",179413,1,
"NGK G-Power Platinum Spark Plug LZTR5AGP (4 Pack) for DODGE STRATUS SE PLUS",372942714840,10,"LZTR5AGP/3381&-100",,"$37.29",Fixed price,Good 'Til Cancelled,New,"","","","eBay Motors > Parts & Accessories > Car & Truck Parts > Accessories",179413,1,
"NGK G-Power Platinum Spark Plug LZTR5AGP (4 Pack) for DODGE STRATUS SXT",312982206643,10,"LZTR5AGP/3381&-103",,"$37.29",Fixed price,Good 'Til Cancelled,New,"","","","eBay Motors > Parts & Accessories > Car & Truck Parts > Accessories",179413,1,
"NGK G-Power Platinum Spark Plug LZTR5AGP (6 Pack) for CHRYSLER 300 BASE",312982206614,10,"LZTR5AGP/3381&-1",,"$45.75",Fixed price,Good 'Til Cancelled,New,"","","","eBay Motors > Parts & Accessories > Car & Truck Parts > Accessories",179413,1,
"NGK G-Power Platinum Spark Plug LZTR5AGP (6 Pack) for CHRYSLER 300 LX",372942714809,10,"LZTR5AGP/3381&-3",,"$45.75",Fixed price,Good 'Til Cancelled,New,"","","","eBay Motors > Parts & Accessories > Car & Truck Parts > Accessories",179413,1,
"NGK G-Power Platinum Spark Plug LZTR5AGP (6 Pack) for CHRYSLER 300 TOURING",372942714829,10,"LZTR5AGP/3381&-4",,"$45.75",Fixed price,Good 'Til Cancelled,New,"","","","eBay Motors > Parts & Accessories > Car & Truck Parts > Accessories",179413,1,
"NGK G-Power Platinum Spark Plug LZTR5AGP (6 Pack) for CHRYSLER CONCORDE LX",312982206851,10,"LZTR5AGP/3381&-5",,"$45.75",Fixed price,Good 'Til Cancelled,New,"","","","eBay Motors > Parts & Accessories > Car & Truck Parts > Accessories",179413,1,
"NGK G-Power Platinum Spark Plug LZTR5AGP (6 Pack) for CHRYSLER CONCORDE LXI",372942714865,10,"LZTR5AGP/3381&-6",,"$45.75",Fixed price,Good 'Til Cancelled,New,"","","","eBay Motors > Parts & Accessories > Car & Truck Parts > Accessories",179413,1,
"NGK G-Power Platinum Spark Plug LZTR5AGP (6 Pack) for CHRYSLER PACIFICA BASE",312982206612,10,"LZTR5AGP/3381&-7",,"$45.75",Fixed price,Good 'Til Cancelled,New,"","","","eBay Motors > Parts & Accessories > Car & Truck Parts > Accessories",179413,1,
"NGK G-Power Platinum Spark Plug LZTR5AGP (6 Pack) for CHRYSLER PACIFICA LX",312982206651,10,"LZTR5AGP/3381&-8",,"$45.75",Fixed price,Good 'Til Cancelled,New,"","","","eBay Motors > Parts & Accessories > Car & Truck Parts > Accessories",179413,1,
"NGK G-Power Platinum Spark Plug LZTR5AGP (6 Pack) for CHRYSLER SEBRING BASE",324064705059,10,"LZTR5AGP/3381&-20",,"$45.75",Fixed price,Good 'Til Cancelled,New,"","","","eBay Motors > Parts & Accessories > Car & Truck Parts > Accessories",179413,1,
"NGK G-Power Platinum Spark Plug LZTR5AGP (6 Pack) for CHRYSLER SEBRING BASE",324064705179,10,"LZTR5AGP/3381&-18",,"$45.75",Fixed price,Good 'Til Cancelled,New,"","","","eBay Motors > Parts & Accessories > Car & Truck Parts > Accessories",179413,1,
"NGK G-Power Platinum Spark Plug LZTR5AGP (6 Pack) for CHRYSLER SEBRING GTC",372942714808,10,"LZTR5AGP/3381&-21",,"$45.75",Fixed price,Good 'Til Cancelled,New,"","","","eBay Motors > Parts & Accessories > Car & Truck Parts > Accessories",179413,1,
"NGK G-Power Platinum Spark Plug LZTR5AGP (6 Pack) for CHRYSLER SEBRING LIMITED",324064705119,10,"LZTR5AGP/3381&-22",,"$45.75",Fixed price,Good 'Til Cancelled,New,"","","","eBay Motors > Parts & Accessories > Car & Truck Parts > Accessories",179413,1,
"NGK G-Power Platinum Spark Plug LZTR5AGP (6 Pack) for CHRYSLER SEBRING LX",312982206621,10,"LZTR5AGP/3381&-25",,"$45.75",Fixed price,Good 'Til Cancelled,New,"","","","eBay Motors > Parts & Accessories > Car & Truck Parts > Accessories",179413,1,
"NGK G-Power Platinum Spark Plug LZTR5AGP (6 Pack) for CHRYSLER SEBRING LX",312982206830,10,"LZTR5AGP/3381&-23",,"$45.75",Fixed price,Good 'Til Cancelled,New,"","","","eBay Motors > Parts & Accessories > Car & Truck Parts > Accessories",179413,1,
"NGK G-Power Platinum Spark Plug LZTR5AGP (6 Pack) for CHRYSLER SEBRING LX PLUS",372942714845,10,"LZTR5AGP/3381&-29",,"$45.75",Fixed price,Good 'Til Cancelled,New,"","","","eBay Motors > Parts & Accessories > Car & Truck Parts > Accessories",179413,1,
"NGK G-Power Platinum Spark Plug LZTR5AGP (6 Pack) for CHRYSLER SEBRING LXI",312982206675,10,"LZTR5AGP/3381&-26",,"$45.75",Fixed price,Good 'Til Cancelled,New,"","","","eBay Motors > Parts & Accessories > Car & Truck Parts > Accessories",179413,1,
"NGK G-Power Platinum Spark Plug LZTR5AGP (6 Pack) for CHRYSLER SEBRING LXI",312982206712,10,"LZTR5AGP/3381&-27",,"$45.75",Fixed price,Good 'Til Cancelled,New,"","","","eBay Motors > Parts & Accessories > Car & Truck Parts > Accessories",179413,1,
"NGK G-Power Platinum Spark Plug LZTR5AGP (6 Pack) for CHRYSLER SEBRING TOURING",324064705180,10,"LZTR5AGP/3381&-30",,"$45.75",Fixed price,Good 'Til Cancelled,New,"","","","eBay Motors > Parts & Accessories > Car & Truck Parts > Accessories",179413,1,
"NGK G-Power Platinum Spark Plug LZTR5AGP (6 Pack) for CHRYSLER SEBRING TSI",324064705030,10,"LZTR5AGP/3381&-31",,"$45.75",Fixed price,Good 'Til Cancelled,New,"","","","eBay Motors > Parts & Accessories > Car & Truck Parts > Accessories",179413,1,
"NGK G-Power Platinum Spark Plug LZTR5AGP (6 Pack) for CHRYSLER TOWN & COUNTRY",312982206615,10,"LZTR5AGP/3381&-43",,"$45.75",Fixed price,Good 'Til Cancelled,New,"","","","eBay Motors > Parts & Accessories > Car & Truck Parts > Accessories",179413,1,
"NGK G-Power Platinum Spark Plug LZTR5AGP (6 Pack) for CHRYSLER TOWN & COUNTRY",312982206937,10,"LZTR5AGP/3381&-42",,"$45.75",Fixed price,Good 'Til Cancelled,New,"","","","eBay Motors > Parts & Accessories > Car & Truck Parts > Accessories",179413,1,
"NGK G-Power Platinum Spark Plug LZTR5AGP (6 Pack) for CHRYSLER TOWN & COUNTRY",324064705060,10,"LZTR5AGP/3381&-44",,"$45.75",Fixed price,Good 'Til Cancelled,New,"","","","eBay Motors > Parts & Accessories > Car & Truck Parts > Accessories",179413,1,
"NGK G-Power Platinum Spark Plug LZTR5AGP (6 Pack) for CHRYSLER TOWN & COUNTRY",312982206976,10,"LZTR5AGP/3381&-48",,"$45.75",Fixed price,Good 'Til Cancelled,New,"","","","eBay Motors > Parts & Accessories > Car & Truck Parts > Accessories",179413,1,
"NGK G-Power Platinum Spark Plug LZTR5AGP (6 Pack) for CHRYSLER TOWN & COUNTRY",324064705137,10,"LZTR5AGP/3381&-46",,"$45.75",Fixed price,Good 'Til Cancelled,New,"","","","eBay Motors > Parts & Accessories > Car & Truck Parts > Accessories",179413,1,
"NGK G-Power Platinum Spark Plug LZTR5AGP (6 Pack) for CHRYSLER TOWN & COUNTRY",324064705171,10,"LZTR5AGP/3381&-47",,"$45.75",Fixed price,Good 'Til Cancelled,New,"","","","eBay Motors > Parts & Accessories > Car & Truck Parts > Accessories",179413,1,
"NGK G-Power Platinum Spark Plug LZTR5AGP (6 Pack) for CHRYSLER TOWN & COUNTRY",372942714844,10,"LZTR5AGP/3381&-35",,"$45.75",Fixed price,Good 'Til Cancelled,New,"","","","eBay Motors > Parts & Accessories > Car & Truck Parts > Accessories",179413,1,
"NGK G-Power Platinum Spark Plug LZTR5AGP (6 Pack) for CHRYSLER TOWN & COUNTRY",312982206779,10,"LZTR5AGP/3381&-40",,"$45.75",Fixed price,Good 'Til Cancelled,New,"","","","eBay Motors > Parts & Accessories > Car & Truck Parts > Accessories",179413,1,
"NGK G-Power Platinum Spark Plug LZTR5AGP (6 Pack) for CHRYSLER TOWN & COUNTRY",372942714850,10,"LZTR5AGP/3381&-41",,"$45.75",Fixed price,Good 'Til Cancelled,New,"","","","eBay Motors > Parts & Accessories > Car & Truck Parts > Accessories",179413,1,
"NGK G-Power Platinum Spark Plug LZTR5AGP (6 Pack) for CHRYSLER TOWN & COUNTRY",372942714796,10,"LZTR5AGP/3381&-38",,"$45.75",Fixed price,Good 'Til Cancelled,New,"","","","eBay Motors > Parts & Accessories > Car & Truck Parts > Accessories",179413,1,
"NGK G-Power Platinum Spark Plug LZTR5AGP (6 Pack) for CHRYSLER TOWN & COUNTRY",324064705100,10,"LZTR5AGP/3381&-39",,"$45.75",Fixed price,Good 'Til Cancelled,New,"","","","eBay Motors > Parts & Accessories > Car & Truck Parts > Accessories",179413,1,
"NGK G-Power Platinum Spark Plug LZTR5AGP (6 Pack) for CHRYSLER TOWN & COUNTRY",324064705110,10,"LZTR5AGP/3381&-45",,"$45.75",Fixed price,Good 'Til Cancelled,New,"","","","eBay Motors > Parts & Accessories > Car & Truck Parts > Accessories",179413,1,
"NGK G-Power Platinum Spark Plug LZTR5AGP (6 Pack) for CHRYSLER TOWN & COUNTRY",324064705027,10,"LZTR5AGP/3381&-37",,"$45.75",Fixed price,Good 'Til Cancelled,New,"","","","eBay Motors > Parts & Accessories > Car & Truck Parts > Accessories",179413,1,
"NGK G-Power Platinum Spark Plug LZTR5AGP (6 Pack) for CHRYSLER TOWN & COUNTRY",312982206777,10,"LZTR5AGP/3381&-34",,"$45.75",Fixed price,Good 'Til Cancelled,New,"","","","eBay Motors > Parts & Accessories > Car & Truck Parts > Accessories",179413,1,
"NGK G-Power Platinum Spark Plug LZTR5AGP (6 Pack) for CHRYSLER TOWN & COUNTRY",372942714818,10,"LZTR5AGP/3381&-33",,"$45.75",Fixed price,Good 'Til Cancelled,New,"","","","eBay Motors > Parts & Accessories > Car & Truck Parts > Accessories",179413,1,
"NGK G-Power Platinum Spark Plug LZTR5AGP (6 Pack) for CHRYSLER TOWN & COUNTRY",324064705072,10,"LZTR5AGP/3381&-32",,"$45.75",Fixed price,Good 'Til Cancelled,New,"","","","eBay Motors > Parts & Accessories > Car & Truck Parts > Accessories",179413,1,
"NGK G-Power Platinum Spark Plug LZTR5AGP (6 Pack) for CHRYSLER TOWN & COUNTRY",324064705182,10,"LZTR5AGP/3381&-36",,"$45.75",Fixed price,Good 'Til Cancelled,New,"","","","eBay Motors > Parts & Accessories > Car & Truck Parts > Accessories",179413,1,
"NGK G-Power Platinum Spark Plug LZTR5AGP (6 Pack) for CHRYSLER TOWN & COUNTRY",312982206617,10,"LZTR5AGP/3381&-49",,"$45.75",Fixed price,Good 'Til Cancelled,New,"","","","eBay Motors > Parts & Accessories > Car & Truck Parts > Accessories",179413,1,
"NGK G-Power Platinum Spark Plug LZTR5AGP (6 Pack) for CHRYSLER VOYAGER BASE",372942714812,10,"LZTR5AGP/3381&-51",,"$45.75",Fixed price,Good 'Til Cancelled,New,"","","","eBay Motors > Parts & Accessories > Car & Truck Parts > Accessories",179413,1,
"NGK G-Power Platinum Spark Plug LZTR5AGP (6 Pack) for CHRYSLER VOYAGER LX",324064705121,10,"LZTR5AGP/3381&-52",,"$45.75",Fixed price,Good 'Til Cancelled,New,"","","","eBay Motors > Parts & Accessories > Car & Truck Parts > Accessories",179413,1,
"NGK G-Power Platinum Spark Plug LZTR5AGP (6 Pack) for DODGE AVENGER R/T",372942714857,10,"LZTR5AGP/3381&-54",,"$45.75",Fixed price,Good 'Til Cancelled,New,"","","","eBay Motors > Parts & Accessories > Car & Truck Parts > Accessories",179413,1,
"NGK G-Power Platinum Spark Plug LZTR5AGP (6 Pack) for DODGE AVENGER SE",324064705031,10,"LZTR5AGP/3381&-55",,"$45.75",Fixed price,Good 'Til Cancelled,New,"","","","eBay Motors > Parts & Accessories > Car & Truck Parts > Accessories",179413,1,
"NGK G-Power Platinum Spark Plug LZTR5AGP (6 Pack) for DODGE AVENGER SXT",372942714798,10,"LZTR5AGP/3381&-56",,"$45.75",Fixed price,Good 'Til Cancelled,New,"","","","eBay Motors > Parts & Accessories > Car & Truck Parts > Accessories",179413,1,
"NGK G-Power Platinum Spark Plug LZTR5AGP (6 Pack) for DODGE CARAVAN BASE",324064705104,10,"LZTR5AGP/3381&-57",,"$45.75",Fixed price,Good 'Til Cancelled,New,"","","","eBay Motors > Parts & Accessories > Car & Truck Parts > Accessories",179413,1,
"NGK G-Power Platinum Spark Plug LZTR5AGP (6 Pack) for DODGE CARAVAN C/V",324064705129,10,"LZTR5AGP/3381&-58",,"$45.75",Fixed price,Good 'Til Cancelled,New,"","","","eBay Motors > Parts & Accessories > Car & Truck Parts > Accessories",179413,1,
"NGK G-Power Platinum Spark Plug LZTR5AGP (6 Pack) for DODGE CARAVAN SE",312982206961,10,"LZTR5AGP/3381&-60",,"$45.75",Fixed price,Good 'Til Cancelled,New,"","","","eBay Motors > Parts & Accessories > Car & Truck Parts > Accessories",179413,1,
"NGK G-Power Platinum Spark Plug LZTR5AGP (6 Pack) for DODGE CARAVAN SE",324064705067,10,"LZTR5AGP/3381&-62",,"$45.75",Fixed price,Good 'Til Cancelled,New,"","","","eBay Motors > Parts & Accessories > Car & Truck Parts > Accessories",179413,1,
"NGK G-Power Platinum Spark Plug LZTR5AGP (6 Pack) for DODGE CARAVAN SPORT",324064705102,10,"LZTR5AGP/3381&-63",,"$45.75",Fixed price,Good 'Til Cancelled,New,"","","","eBay Motors > Parts & Accessories > Car & Truck Parts > Accessories",179413,1,
"NGK G-Power Platinum Spark Plug LZTR5AGP (6 Pack) for DODGE CARAVAN SXT",324064705131,10,"LZTR5AGP/3381&-64",,"$45.75",Fixed price,Good 'Til Cancelled,New,"","","","eBay Motors > Parts & Accessories > Car & Truck Parts > Accessories",179413,1,
"NGK G-Power Platinum Spark Plug LZTR5AGP (6 Pack) for DODGE CHARGER BASE",372942714869,10,"LZTR5AGP/3381&-66",,"$45.75",Fixed price,Good 'Til Cancelled,New,"","","","eBay Motors > Parts & Accessories > Car & Truck Parts > Accessories",179413,1,
"NGK G-Power Platinum Spark Plug LZTR5AGP (6 Pack) for DODGE CHARGER SE",324064705046,10,"LZTR5AGP/3381&-67",,"$45.75",Fixed price,Good 'Til Cancelled,New,"","","","eBay Motors > Parts & Accessories > Car & Truck Parts > Accessories",179413,1,
"NGK G-Power Platinum Spark Plug LZTR5AGP (6 Pack) for DODGE GRAND CARAVAN",312982206892,10,"LZTR5AGP/3381&-83",,"$45.75",Fixed price,Good 'Til Cancelled,New,"","","","eBay Motors > Parts & Accessories > Car & Truck Parts > Accessories",179413,1,
"NGK G-Power Platinum Spark Plug LZTR5AGP (6 Pack) for DODGE GRAND CARAVAN",372942714877,10,"LZTR5AGP/3381&-84",,"$45.75",Fixed price,Good 'Til Cancelled,New,"","","","eBay Motors > Parts & Accessories > Car & Truck Parts > Accessories",179413,1,
"NGK G-Power Platinum Spark Plug LZTR5AGP (6 Pack) for DODGE GRAND CARAVAN",324064705118,10,"LZTR5AGP/3381&-69",,"$45.75",Fixed price,Good 'Til Cancelled,New,"","","","eBay Motors > Parts & Accessories > Car & Truck Parts > Accessories",179413,1,
"NGK G-Power Platinum Spark Plug LZTR5AGP (6 Pack) for DODGE GRAND CARAVAN BASE",372942714843,10,"LZTR5AGP/3381&-70",,"$45.75",Fixed price,Good 'Til Cancelled,New,"","","","eBay Motors > Parts & Accessories > Car & Truck Parts > Accessories",179413,1,
"NGK G-Power Platinum Spark Plug LZTR5AGP (6 Pack) for DODGE GRAND CARAVAN C/V",324064705183,10,"LZTR5AGP/3381&-71",,"$45.75",Fixed price,Good 'Til Cancelled,New,"","","","eBay Motors > Parts & Accessories > Car & Truck Parts > Accessories",179413,1,
"NGK G-Power Platinum Spark Plug LZTR5AGP (6 Pack) for DODGE GRAND CARAVAN C/V",372942714881,10,"LZTR5AGP/3381&-72",,"$45.75",Fixed price,Good 'Til Cancelled,New,"","","","eBay Motors > Parts & Accessories > Car & Truck Parts > Accessories",179413,1,
"NGK G-Power Platinum Spark Plug LZTR5AGP (6 Pack) for DODGE GRAND CARAVAN EL",312982206641,10,"LZTR5AGP/3381&-73",,"$45.75",Fixed price,Good 'Til Cancelled,New,"","","","eBay Motors > Parts & Accessories > Car & Truck Parts > Accessories",179413,1,
"NGK G-Power Platinum Spark Plug LZTR5AGP (6 Pack) for DODGE GRAND CARAVAN EL",324064705092,10,"LZTR5AGP/3381&-74",,"$45.75",Fixed price,Good 'Til Cancelled,New,"","","","eBay Motors > Parts & Accessories > Car & Truck Parts > Accessories",179413,1,
"NGK G-Power Platinum Spark Plug LZTR5AGP (6 Pack) for DODGE GRAND CARAVAN ES",372942714849,10,"LZTR5AGP/3381&-76",,"$45.75",Fixed price,Good 'Til Cancelled,New,"","","","eBay Motors > Parts & Accessories > Car & Truck Parts > Accessories",179413,1,
"NGK G-Power Platinum Spark Plug LZTR5AGP (6 Pack) for DODGE GRAND CARAVAN ES",312982206768,10,"LZTR5AGP/3381&-75",,"$45.75",Fixed price,Good 'Til Cancelled,New,"","","","eBay Motors > Parts & Accessories > Car & Truck Parts > Accessories",179413,1,
"NGK G-Power Platinum Spark Plug LZTR5AGP (6 Pack) for DODGE GRAND CARAVAN EX",372942714866,10,"LZTR5AGP/3381&-77",,"$45.75",Fixed price,Good 'Til Cancelled,New,"","","","eBay Motors > Parts & Accessories > Car & Truck Parts > Accessories",179413,1,
"NGK G-Power Platinum Spark Plug LZTR5AGP (6 Pack) for DODGE GRAND CARAVAN EX",324064705212,10,"LZTR5AGP/3381&-78",,"$45.75",Fixed price,Good 'Til Cancelled,New,"","","","eBay Motors > Parts & Accessories > Car & Truck Parts > Accessories",179413,1,
"NGK G-Power Platinum Spark Plug LZTR5AGP (6 Pack) for DODGE GRAND CARAVAN SE",312982206637,10,"LZTR5AGP/3381&-79",,"$45.75",Fixed price,Good 'Til Cancelled,New,"","","","eBay Motors > Parts & Accessories > Car & Truck Parts > Accessories",179413,1,
"NGK G-Power Platinum Spark Plug LZTR5AGP (6 Pack) for DODGE GRAND CARAVAN SE",324064705083,10,"LZTR5AGP/3381&-80",,"$45.75",Fixed price,Good 'Til Cancelled,New,"","","","eBay Motors > Parts & Accessories > Car & Truck Parts > Accessories",179413,1,
"NGK G-Power Platinum Spark Plug LZTR5AGP (6 Pack) for DODGE GRAND CARAVAN SE",324064705143,10,"LZTR5AGP/3381&-82",,"$45.75",Fixed price,Good 'Til Cancelled,New,"","","","eBay Motors > Parts & Accessories > Car & Truck Parts > Accessories",179413,1,
"NGK G-Power Platinum Spark Plug LZTR5AGP (6 Pack) for DODGE GRAND CARAVAN SE",312982206752,10,"LZTR5AGP/3381&-81",,"$45.75",Fixed price,Good 'Til Cancelled,New,"","","","eBay Motors > Parts & Accessories > Car & Truck Parts > Accessories",179413,1,
"NGK G-Power Platinum Spark Plug LZTR5AGP (6 Pack) for DODGE GRAND CARAVAN SXT",372942714781,10,"LZTR5AGP/3381&-85",,"$45.75",Fixed price,Good 'Til Cancelled,New,"","","","eBay Motors > Parts & Accessories > Car & Truck Parts > Accessories",179413,1,
"NGK G-Power Platinum Spark Plug LZTR5AGP (6 Pack) for DODGE GRAND CARAVAN SXT",372942714806,10,"LZTR5AGP/3381&-86",,"$45.75",Fixed price,Good 'Til Cancelled,New,"","","","eBay Motors > Parts & Accessories > Car & Truck Parts > Accessories",179413,1,
"NGK G-Power Platinum Spark Plug LZTR5AGP (6 Pack) for DODGE GRAND CARAVAN SXT",312982206771,10,"LZTR5AGP/3381&-87",,"$45.75",Fixed price,Good 'Til Cancelled,New,"","","","eBay Motors > Parts & Accessories > Car & Truck Parts > Accessories",179413,1,
"NGK G-Power Platinum Spark Plug LZTR5AGP (6 Pack) for DODGE INTREPID BASE",312982206863,10,"LZTR5AGP/3381&-88",,"$45.75",Fixed price,Good 'Til Cancelled,New,"","","","eBay Motors > Parts & Accessories > Car & Truck Parts > Accessories",179413,1,
"NGK G-Power Platinum Spark Plug LZTR5AGP (6 Pack) for DODGE INTREPID ES",324064705193,10,"LZTR5AGP/3381&-89",,"$45.75",Fixed price,Good 'Til Cancelled,New,"","","","eBay Motors > Parts & Accessories > Car & Truck Parts > Accessories",179413,1,
"NGK G-Power Platinum Spark Plug LZTR5AGP (6 Pack) for DODGE INTREPID R/T",324064705215,10,"LZTR5AGP/3381&-90",,"$45.75",Fixed price,Good 'Til Cancelled,New,"","","","eBay Motors > Parts & Accessories > Car & Truck Parts > Accessories",179413,1,
"NGK G-Power Platinum Spark Plug LZTR5AGP (6 Pack) for DODGE INTREPID SE",372942714782,10,"LZTR5AGP/3381&-91",,"$45.75",Fixed price,Good 'Til Cancelled,New,"","","","eBay Motors > Parts & Accessories > Car & Truck Parts > Accessories",179413,1,
"NGK G-Power Platinum Spark Plug LZTR5AGP (6 Pack) for DODGE MAGNUM SE",324064705085,10,"LZTR5AGP/3381&-92",,"$45.75",Fixed price,Good 'Til Cancelled,New,"","","","eBay Motors > Parts & Accessories > Car & Truck Parts > Accessories",179413,1,
"NGK G-Power Platinum Spark Plug LZTR5AGP (6 Pack) for DODGE STRATUS ES",372942714879,10,"LZTR5AGP/3381&-96",,"$45.75",Fixed price,Good 'Til Cancelled,New,"","","","eBay Motors > Parts & Accessories > Car & Truck Parts > Accessories",179413,1,
"NGK G-Power Platinum Spark Plug LZTR5AGP (6 Pack) for DODGE STRATUS R/T",372942714783,10,"LZTR5AGP/3381&-97",,"$45.75",Fixed price,Good 'Til Cancelled,New,"","","","eBay Motors > Parts & Accessories > Car & Truck Parts > Accessories",179413,1,
"NGK G-Power Platinum Spark Plug LZTR5AGP (6 Pack) for DODGE STRATUS SE",372942714824,10,"LZTR5AGP/3381&-99",,"$45.75",Fixed price,Good 'Til Cancelled,New,"","","","eBay Motors > Parts & Accessories > Car & Truck Parts > Accessories",179413,1,
"NGK G-Power Platinum Spark Plug LZTR5AGP (6 Pack) for DODGE STRATUS SE PLUS",372942714853,10,"LZTR5AGP/3381&-101",,"$45.75",Fixed price,Good 'Til Cancelled,New,"","","","eBay Motors > Parts & Accessories > Car & Truck Parts > Accessories",179413,1,
"NGK G-Power Platinum Spark Plug LZTR5AGP (6 Pack) for DODGE STRATUS SXT",312982206695,10,"LZTR5AGP/3381&-104",,"$45.75",Fixed price,Good 'Til Cancelled,New,"","","","eBay Motors > Parts & Accessories > Car & Truck Parts > Accessories",179413,1,
"NGK G-Power Platinum Spark Plug LZTR5AGP (6 Pack) for DODGE STRATUS SXT",372942714873,10,"LZTR5AGP/3381&-102",,"$45.75",Fixed price,Good 'Til Cancelled,New,"","","","eBay Motors > Parts & Accessories > Car & Truck Parts > Accessories",179413,1,
"NGK G-Power Platinum Spark Plug LZTR5AGP (6 Pack) for JEEP WRANGLER 70TH",372942714882,10,"LZTR5AGP/3381&-108",,"$45.75",Fixed price,Good 'Til Cancelled,New,"","","","eBay Motors > Parts & Accessories > Car & Truck Parts > Accessories",179413,1,
"NGK G-Power Platinum Spark Plug LZTR5AGP (6 Pack) for JEEP WRANGLER ISLANDER",324064705048,10,"LZTR5AGP/3381&-109",,"$45.75",Fixed price,Good 'Til Cancelled,New,"","","","eBay Motors > Parts & Accessories > Car & Truck Parts > Accessories",179413,1,
"NGK G-Power Platinum Spark Plug LZTR5AGP (6 Pack) for JEEP WRANGLER MOUNTAIN",324064705086,10,"LZTR5AGP/3381&-110",,"$45.75",Fixed price,Good 'Til Cancelled,New,"","","","eBay Motors > Parts & Accessories > Car & Truck Parts > Accessories",179413,1,
"NGK G-Power Platinum Spark Plug LZTR5AGP (6 Pack) for JEEP WRANGLER RUBICON",372942714825,10,"LZTR5AGP/3381&-111",,"$45.75",Fixed price,Good 'Til Cancelled,New,"","","","eBay Motors > Parts & Accessories > Car & Truck Parts > Accessories",179413,1,
"NGK G-Power Platinum Spark Plug LZTR5AGP (6 Pack) for JEEP WRANGLER SAHARA",324064705135,10,"LZTR5AGP/3381&-112",,"$45.75",Fixed price,Good 'Til Cancelled,New,"","","","eBay Motors > Parts & Accessories > Car & Truck Parts > Accessories",179413,1,
"NGK G-Power Platinum Spark Plug LZTR5AGP (6 Pack) for JEEP WRANGLER SPORT",372942714854,10,"LZTR5AGP/3381&-113",,"$45.75",Fixed price,Good 'Til Cancelled,New,"","","","eBay Motors > Parts & Accessories > Car & Truck Parts > Accessories",179413,1,
"NGK G-Power Platinum Spark Plug LZTR5AGP (6 Pack) for JEEP WRANGLER UNLIMITED",372942714867,10,"LZTR5AGP/3381&-119",,"$45.75",Fixed price,Good 'Til Cancelled,New,"","","","eBay Motors > Parts & Accessories > Car & Truck Parts > Accessories",179413,1,
"NGK G-Power Platinum Spark Plug LZTR5AGP (6 Pack) for JEEP WRANGLER UNLIMITED",324064705049,10,"LZTR5AGP/3381&-115",,"$45.75",Fixed price,Good 'Til Cancelled,New,"","","","eBay Motors > Parts & Accessories > Car & Truck Parts > Accessories",179413,1,
"NGK G-Power Platinum Spark Plug LZTR5AGP (6 Pack) for JEEP WRANGLER UNLIMITED",324064705091,10,"LZTR5AGP/3381&-116",,"$45.75",Fixed price,Good 'Til Cancelled,New,"","","","eBay Motors > Parts & Accessories > Car & Truck Parts > Accessories",179413,1,
"NGK G-Power Platinum Spark Plug LZTR5AGP (6 Pack) for JEEP WRANGLER UNLIMITED",324064705233,10,"LZTR5AGP/3381&-120",,"$45.75",Fixed price,Good 'Til Cancelled,New,"","","","eBay Motors > Parts & Accessories > Car & Truck Parts > Accessories",179413,1,
"NGK G-Power Platinum Spark Plug LZTR5AGP (6 Pack) for JEEP WRANGLER UNLIMITED",324064705116,10,"LZTR5AGP/3381&-117",,"$45.75",Fixed price,Good 'Til Cancelled,New,"","","","eBay Motors > Parts & Accessories > Car & Truck Parts > Accessories",179413,1,
"NGK G-Power Platinum Spark Plug LZTR5AGP (6 Pack) for JEEP WRANGLER UNLIMITED",312982206957,10,"LZTR5AGP/3381&-114",,"$45.75",Fixed price,Good 'Til Cancelled,New,"","","","eBay Motors > Parts & Accessories > Car & Truck Parts > Accessories",179413,1,
"NGK G-Power Platinum Spark Plug LZTR5AGP (6 Pack) for JEEP WRANGLER UNLIMITED",312982206837,10,"LZTR5AGP/3381&-118",,"$45.75",Fixed price,Good 'Til Cancelled,New,"","","","eBay Motors > Parts & Accessories > Car & Truck Parts > Accessories",179413,1,
"NGK G-Power Platinum Spark Plug LZTR5AGP (6 Pack) for JEEP WRANGLER X",372942714784,10,"LZTR5AGP/3381&-121",,"$45.75",Fixed price,Good 'Til Cancelled,New,"","","","eBay Motors > Parts & Accessories > Car & Truck Parts > Accessories",179413,1,
"NGK G-Power Platinum Spark Plug LZTR5AGP (6 Pack) for VOLKSWAGEN ROUTAN S",372942714804,10,"LZTR5AGP/3381&-122",,"$45.75",Fixed price,Good 'Til Cancelled,New,"","","","eBay Motors > Parts & Accessories > Car & Truck Parts > Accessories",179413,1,
"NGK G-Power Platinum Spark Plug LZTR5AGP (6 Pack) for VOLKSWAGEN ROUTAN SE",324064705113,10,"LZTR5AGP/3381&-123",,"$45.75",Fixed price,Good 'Til Cancelled,New,"","","","eBay Motors > Parts & Accessories > Car & Truck Parts > Accessories",179413,1,
"NGK G-Power Platinum Spark Plug LZTR5AGP (8 Pack) for CHRYSLER 300 C SRT8",372942714791,10,"LZTR5AGP/3381&-2",,"$54.21",Fixed price,Good 'Til Cancelled,New,"","","","eBay Motors > Parts & Accessories > Car & Truck Parts > Accessories",179413,1,
"NGK G-Power Platinum Spark Plug LZTR5AGP (8 Pack) for DODGE CHALLENGER SRT8",372942714851,10,"LZTR5AGP/3381&-65",,"$54.21",Fixed price,Good 'Til Cancelled,New,"","","","eBay Motors > Parts & Accessories > Car & Truck Parts > Accessories",179413,1,
"NGK G-Power Platinum Spark Plug LZTR5AGP (8 Pack) for DODGE CHARGER SRT8",372942714800,10,"LZTR5AGP/3381&-68",,"$54.21",Fixed price,Good 'Til Cancelled,New,"","","","eBay Motors > Parts & Accessories > Car & Truck Parts > Accessories",179413,1,
"NGK G-Power Platinum Spark Plug LZTR5AGP (8 Pack) for DODGE MAGNUM SRT8",372942714827,10,"LZTR5AGP/3381&-93",,"$54.21",Fixed price,Good 'Til Cancelled,New,"","","","eBay Motors > Parts & Accessories > Car & Truck Parts > Accessories",179413,1,
"NGK G-Power Platinum Spark Plug LZTR5AGP (8 Pack) for JEEP GRAND CHEROKEE SRT8",372942714859,10,"LZTR5AGP/3381&-107",,"$54.21",Fixed price,Good 'Til Cancelled,New,"","","","eBay Motors > Parts & Accessories > Car & Truck Parts > Accessories",179413,1,
