model,id,closestMatch
250 XC-W (E-Start),93,No Match Found
300 XC-W (E-Start),94,No Match Found
TE 250i (Fuel Injected),152,No Match Found
TE 300i (Fuel Injected),153,No Match Found
150 XC-W (E-Start),155,No Match Found
250 XC-W i (Fuel Injected),160,No Match Found
300 XC-W i (Fuel Injected),162,No Match Found
RANGER RZR XP 4 TURBO FOX Edit.,322,No Match Found
RANGER RZR XP TURBO FOX Edit.,328,No Match Found
RUBICON 500 4x4 Automatic,354,No Match Found
TRX 250 RECON ES,357,No Match Found
Eiger 400 2x4 Automatic,425,No Match Found
Eiger 400 4x4 Automatic,427,No Match Found
500 4X4 AUTOMATIC,478,No Match Found
500 4x4 Automatic LE,479,No Match Found
500 4X4 AUTOMATIC M4,480,No Match Found
500 4x4 Automatic TBX,481,No Match Found
500 4x4 Automatic TRV,482,No Match Found
500i 4x4 Automatic,484,No Match Found
650 H1 4x4 Auto TRV Plus,488,No Match Found
650 H1 4x4 TRV Plus LE,492,No Match Found
700 Diesel 4x4 AUTOMATIC,495,No Match Found
700 EFI 4X4 AUTO TRV LE,496,No Match Found
700 EFI 4x4 Automatic,497,No Match Found
700 EFI 4x4 Automatic LE,498,No Match Found
700 EFI 4X4 AUTOMATIC M4,499,No Match Found
700 EFI 4x4 Automatic SE,500,No Match Found
700 H1 EFI 4X4 AUTOMATIC,501,No Match Found
THUNDERCAT H2 4X4 AUTOMATIC,502,No Match Found
TRX 250 UTILITY FOURTRAX,508,No Match Found
MULE 3010 4X4 HARDWOOD GREEN,562,No Match Found
CRF250L Rally (ABS),717,No Match Found
366 4X4 AUTO,958,No Match Found
375 2x4 Automatic,959,No Match Found
375 4x4 Automatic,960,No Match Found
400 2x4 Automatic,963,No Match Found
400 4x4 Auto TRV Plus,965,No Match Found
400 4x4 Automatic,966,No Match Found
400 4x4 Automatic ACT,967,No Match Found
400 4x4 Automatic LE,968,No Match Found
400 4x4 Automatic TBX,969,No Match Found
400 4x4 Automatic TRV,970,No Match Found
400 4x4 Automatic VP,971,No Match Found
Traxter 500 4x4 Automatic CVT,1000,No Match Found
Traxter 650 4x4 Automatic CVT,1002,No Match Found
YFM225 MOTO-4,1195,No Match Found
1000 TRV H2 EFI,1230,No Match Found
550 TRV H1 EFI,1259,No Match Found
CX65 C.A.R.D.,1386,No Match Found
- Textron 1000 TRV H2 EFI,1393,No Match Found
- Textron 500 4X4 AUTOMATIC,1407,No Match Found
- Textron 500 4x4 Automatic LE,1408,No Match Found
- Textron 500 4X4 AUTOMATIC M4,1409,No Match Found
- Textron 500 4x4 Automatic TBX,1410,No Match Found
- Textron 500 4x4 Automatic TRV,1411,No Match Found
- Textron 500 Core EFI,1412,No Match Found
- Textron 500 TRV Core,1414,No Match Found
- Textron 500i 4x4 Automatic,1418,No Match Found
- Textron 550 EFI 4x4,1421,No Match Found
- Textron 550 H1 EFI LE,1423,No Match Found
- Textron 550 TRV GT 4x4,1426,No Match Found
- Textron 550 TRV H1 EFI,1427,No Match Found
- Textron 550 TRV H1 EFI LE,1428,No Match Found
- Textron 550 TRV LTD,1429,No Match Found
- Textron 550i 4x4,1435,No Match Found
- Textron 550i LTD,1437,No Match Found
- Textron 650 H1 4x4,1440,No Match Found
- Textron 650 H1 4X4 AUTO TRV,1441,No Match Found
- Textron 650 H1 4X4 AUTOMATIC,1443,No Match Found
- Textron 650 H1 4x4 LE,1444,No Match Found
- Textron 650 H1 4x4 TBX,1445,No Match Found
- Textron 650 H1 4x4 TRV Plus LE,1446,No Match Found
- Textron 650 V2 4x4,1447,No Match Found
- Textron 700 Core,1450,No Match Found
- Textron 700 EFI 4x4 Automatic,1453,No Match Found
- Textron 700 H1 EFI TBX,1458,No Match Found
- Textron 700 H1 EFI TRV,1459,No Match Found
- Textron 700 Super Duty Diesel,1463,No Match Found
- Textron 700 TRV LTD,1471,No Match Found
- Textron 700i LTD,1480,No Match Found
- Textron Mudpro 1000 H2 EFI,1492,No Match Found
- Textron Mudpro 650 H1,1494,No Match Found
- Textron Mudpro 700 H1 EFI,1496,No Match Found
- Textron PROWLER 550 H1 EFI,1506,No Match Found
- Textron 366 4X4 AUTO,1535,No Match Found
- Textron 375 2x4 Automatic,1536,No Match Found
- Textron 375 4x4 Automatic,1537,No Match Found
- Textron 400 2x4 Automatic,1540,No Match Found
- Textron 400 4x4 ACT,1541,No Match Found
- Textron 400 4x4 Auto TRV Plus,1542,No Match Found
- Textron 400 4x4 Automatic,1543,No Match Found
- Textron 400 4x4 Automatic ACT,1544,No Match Found
- Textron 400 4x4 Automatic LE,1545,No Match Found
- Textron 400 4x4 Automatic TBX,1546,No Match Found
- Textron 400 4x4 Automatic TRV,1547,No Match Found
- Textron 400 4x4 Automatic VP,1548,No Match Found
- Textron 400 4x4 VP,1549,No Match Found
- Textron 400 TRV Core,1554,No Match Found
Boulevard C109R VLR1800,1617,No Match Found
Boulevard C50 B.O.S.S. VL800B,1619,No Match Found
Boulevard C50 Black VL800B,1620,No Match Found
Boulevard C90 B.O.S.S. VL1500B,1624,No Match Found
Boulevard C90 Black VL1500,1625,No Match Found
Boulevard C90T B.O.S.S. VL1500BT,1627,No Match Found
Boulevard M109R B.O.S.S.VZR1800B,1629,No Match Found
Boulevard M109R VZR1800,1631,No Match Found
Boulevard M109R2 VZR1800N,1632,No Match Found
Boulevard M50 LTD VZ800Z,1633,No Match Found
V-Star Midnight Custom XVS1100M,1685,No Match Found
F650GS Dakar (ABS),1701,No Match Found
CB1100 EX (CB1100CAH),1735,No Match Found
CB600F (599 Hornet),1740,No Match Found
CB919F (Hornet),1743,No Match Found
Fury (ABS) VT1300CXA,1762,No Match Found
NM4 DCT (ABS) NC700JDG,1786,No Match Found
NSA700A9 DN-01,1787,No Match Found
Z750S (ZR750K),1847,No Match Found
F4 1078 RR 312,1850,No Match Found
RC31 NT650 Hawk GT,1983,No Match Found
Ninja ZX-7 (ZX750H/J/L),2032,No Match Found
Road Star Silverado S XV1700ATS,2082,No Match Found
Road Star Silverado XV1600AT,2083,No Match Found
Road Star Silverado XV1700AT,2084,No Match Found
V100 Kingpin 8 Ball,2121,No Match Found
V100 Vegas 8 Ball,2125,No Match Found
V100 Vegas Jackpot,2126,No Match Found
V106 Corey Ness Jackpot,2131,No Match Found
V106 Kingpin 8 Ball,2145,No Match Found
V106 Vegas 8 Ball,2151,No Match Found
V106 Vegas Jackpot,2152,No Match Found
V106 Vision 10th Anniversary,2153,No Match Found
V106 Vision 8 Ball,2154,No Match Found
V106 Vision Street,2155,No Match Found
V106 Vision Street Premium,2156,No Match Found
V106 Vision Tour Comfort,2158,No Match Found
V106 Zach Ness Vegas,2161,No Match Found
V106 Zach Ness Vegas 8 Ball,2162,No Match Found
ZR-7 (ZR750-F2),2191,No Match Found
CVO Dyna Fat Bob FXDFSE®,2202,No Match Found
Dyna Fat Bob FXDF ®,2205,No Match Found
V-Rod VRSCA ®,2212,No Match Found
V-Rod VRSCAW®,2213,No Match Found
V-Rod VRSCAWA® (ABS),2214,No Match Found
V-Rod VRSCR ®,2215,No Match Found
"V-Rod, Basic VRSCB ®",2216,No Match Found
Scooter PA50 Camino,2316,No Match Found
CMX450C Rebel (Black Levers),2324,No Match Found
GSF1200S Bandit w/adjuster,2331,No Match Found
GSX1300R Hyabusa (Polished),2333,No Match Found
XVS650 V-star Classic/Silverado,2342,No Match Found
XVS11AT/V-Star/Silverado,2346,No Match Found
XVS13A/V-Star,2347,No Match Found
KZ650B1-3/C1-3/D1-2,2362,No Match Found
KLE650 Versys-Polished,2374,No Match Found
ZX6D1-4/E1-10/F1-3 Black,2376,No Match Found
"PC800 1989-1990,",2415,No Match Found
CB1300F (Non US),2442,No Match Found
KR150 (Non US) All Years,2445,No Match Found
ZX10/1000RX Ninja,2470,No Match Found
LS650f/p Savage/S40,2476,No Match Found
GSX750 Katana w/adjuster,2500,No Match Found
CB250NB/ND/NDC,2523,No Match Found
CB250RSC/RSZc,2525,No Match Found
S1-A/B/C,2549,No Match Found
KZ400A1-2/D3-4/D,2554,No Match Found
H1-B/D/E/F500,2558,No Match Found
Scooter LB50 E-J Chappy,2561,No Match Found
Scooter QT50F/G/2G/H-T,2565,No Match Found
CMX450C Rebel (Alloy Levers),2639,No Match Found
ZX600J1-3ZX6R Polished,2688,No Match Found
ZX600 (ZZR) Polished,2689,No Match Found
ZR1000 (Z1000) Polished,2692,No Match Found
ZX600P/R9 (ZX-6R) Black,2694,No Match Found
ZX600RA/RB/RC (ZX-6R) Black,2695,No Match Found
ZX600 (ZZR) Black,2696,No Match Found
ZX636B1-B2 Black,2697,No Match Found
ZX636C1-2/D Black,2698,No Match Found
ZX1000C/D/E/F/J/K (ZX-10R) Black,2700,No Match Found
ZX1000G/H Ninja 1000 Black,2701,No Match Found
ZR550 (Z550F) Polished,2702,No Match Found
EX650R Ninja-Polished,2704,No Match Found
ZR750C1-3 Zephyr,2705,No Match Found
CB900FZ/FA/FB/F2B,2711,No Match Found
XV535SF/SFC Virago,2727,No Match Found
FJ600L/LC/N/NC,2746,No Match Found
ZX6A1-3/B1/C1-10 Ninja,2761,No Match Found
KL650E8-9 (KLR),2772,No Match Found
ZR1100A1/4 Zephyr,2793,No Match Found
ZRX12RA1-3 Polished,2794,No Match Found
ZRX12RA4-5 Polished,2795,No Match Found
GL1800 Goldwing (Chrome),2807,No Match Found
MBX50/SD/FWD,2809,No Match Found
MBX80FWD/SWD,2811,No Match Found
DL650V-Strom Polished,2822,No Match Found
ZX600 (ZZR) Chrome,2832,No Match Found
KL650A1-19/B2-3 (KLR),2855,No Match Found
Dyna Glide Convertible FXDS-CONV,2907,No Match Found
Road Glide Custom FLTRX (ABS),2925,No Match Found
Road King Classic FLHRC (ABS),2930,No Match Found
Tour Glide Ultra Classic FLT/C/U,2958,No Match Found
V-Rod VRSCAWA (ABS),2961,No Match Found
Big Bear 4WD Real Tree X-Tra,3105,No Match Found
Big Bear 2WD Real Tree X-Tra,3115,No Match Found
YFZ450X Bill Ballance Edition,3144,No Match Found
KX85-II 08-09,3263,No Match Found
KX85-II 10-13,3264,No Match Found
DT50LC 88-90,3290,No Match Found
BW200E 86-88,3317,No Match Found
DF200E 97-99,3389,No Match Found
900 Monster (Std/IE/S/Dark IE),3621,No Match Found
CVO Dyna Fat Bob FXDFSE,3627,No Match Found
CVO Softail Fat Boy FLSTFSE,3628,No Match Found
Tri Glide Ultra Classic FLHTCUTG,3652,No Match Found
Softail Slim FLSL (ABS),3667,No Match Found
Chief Blackhawk Dark,3674,No Match Found
ST4S 996 (ABS),3710,No Match Found
ST3S 992 (ABS),3721,No Match Found
PRAIRIE 360 4X4 REALTREE APG,3790,No Match Found
TERYX 750 4X4 NRA OUTDOORS,3801,No Match Found
TERYX 750 FI 4X4 NRA OUTDOORS,3805,No Match Found
TERYX4 750 4X4 EPS REALTREE APG,3810,No Match Found
BRUIN 350 AUTO 4X4 HARDWOOD CAMO,3879,No Match Found
BIG BEAR 4WD REAL TREE X-TRA,3903,No Match Found
KODIAK 450 AUTO 4X4 HARDWOODS,3926,No Match Found
YFZ450X BILL BALANCE EDITION,3939,No Match Found
YXR450 REALTREE HD CAMO,3943,No Match Found
GRIZZLY 550 FIEPS 4WD HUNTER,3956,No Match Found
RHINO 4X4 SIDE X SIDE,3968,No Match Found
RHINO  660 4WD SPECIAL EDITION,3973,No Match Found
GRIZZLY 700 FI EPS 4WD HUNTER,3998,No Match Found
RHINO 700 FI DUCKS UNLIMITED,4004,No Match Found
RHINO 700 FI  SPECIAL EDITION,4005,No Match Found
CAT F 800  (ALL OPTIONS),4083,No Match Found
CAT F1100  (ALL OPTIONS),4084,No Match Found
CAT M6000  (ALL OPTIONS),4085,No Match Found
CAT M800  (ALL OPTIONS),4087,No Match Found
CAT M1100  (ALL OPTIONS),4090,No Match Found
CAT XF6000 (ALL OPTIONS),4095,No Match Found
CAT XF7000  (ALL OPTIONS),4096,No Match Found
CAT XF8000  (ALL OPTIONS),4097,No Match Found
CAT XF9000  (ALL OPTIONS),4098,No Match Found
CAT XF 1100  (ALL OPTIONS),4099,No Match Found
CAT XF 800  (ALL OPTIONS),4100,No Match Found
CAT ZR 4000 (ALL OPTIONS),4102,No Match Found
CAT ZR 6000  (ALL OPTIONS),4104,No Match Found
CAT ZR 7000  (ALL OPTIONS),4105,No Match Found
GPX (ALL OPTIONS),4153,No Match Found
"OVATION CS 340, VK 540",4154,No Match Found
"CAT JAG, DLX, AFS",4175,No Match Found
"SAFARI, DELUXE, L, RALLY ET",4190,No Match Found
CAT EXT 580 EFI M.C.,4199,No Match Found
MACH Z R MILLENIUM EDITION,4246,No Match Found
MX Z 700 SB/SB MILLENIUM EDITION,4256,No Match Found
INDY’S ALL MODELS  (EXCEPT 340),4304,No Match Found
340 (ALL OPTIONS),4314,No Match Found
500 XC SP EDGE / M-10,4320,No Match Found
"600 CLASSIC TOURING, INT`L",4331,No Match Found
600 CLEANFIRE DRAGON/EURO,4332,No Match Found
600 HO IQ F/O,4337,No Match Found
600 HO RMK 144 F/O,4338,No Match Found
600 IQ (ALL OPTIONS),4340,No Match Found
600 PRO-RIDE RUSH,4342,No Match Found
600 RMK 144/ES/INTL/155/ES ALL,4345,No Match Found
600 RUSH PRO R/SC/SP/ES/INTL ALL,4347,No Match Found
600 RUSH PRO-R/ES/RETRO ALL,4348,No Match Found
600 XC SP EDGE / M-10,4360,No Match Found
700 RMK (ALL OPTIONS),4369,No Match Found
700 XC SP M-10 F/O,4373,No Match Found
800 DRAGON RMK (ALL OPTIONS),4377,No Match Found
800 RUSH ES/RETRO ALL,4386,No Match Found
800 RUSH PRO-R ALL,4387,No Match Found
800 XC SP M-10 F/O,4396,No Match Found
900 RMK (ALL OPTIONS),4399,No Match Found
FST IQ / LX,4411,No Match Found
TRAIL RMK (ALL OPTIONS),4418,No Match Found
GSX LIMITED/LE 600 HO ETEC,4435,No Match Found
MX Z 50TH 600 HO ETEC,4444,No Match Found
MX Z 600 HO SDI RENEGADE X,4446,No Match Found
MX Z TNT 600 HO E-TEC,4455,No Match Found
550 INDY LXT/ES/SP,4615,No Match Found
600 INDY/SP/ES/INTL,4616,No Match Found
600 RUSH PRO R/ES/INTL,4617,No Match Found
800 RUSH PRO-R ALL OPTIONS,4621,No Match Found
CAT XF 1100 LXR/SNO PRO,4630,No Match Found
600 HO IQ ALL OPTIONS,4647,No Match Found
600 HO LX CLEAN FIRE,4648,No Match Found
600 IQ / IQ ES,4650,No Match Found
600 RMK 144/155 ALL,4658,No Match Found
800 AXYS PRO RMK/LE,4664,No Match Found
800 PRO RMK 155/163 ALL,4667,No Match Found
800 RMK 155/163 LE,4669,No Match Found
FST LQ LX EURO (S07PD7FE),4673,No Match Found
TURBO LX / IQ LX / LXT,4678,No Match Found
600 RUSH PRO S ALL,4681,No Match Found
600 RUSH PRO-X INTL,4682,No Match Found
600 RUSH XCR/INTL ES,4683,No Match Found
800 RUSH PRO S ALL,4688,No Match Found
800 RUSH PRO X ALL,4689,No Match Found
GSX LE/SE 600HO ETEC,4709,No Match Found
MXZ 600 HO SDI/ETEC RENEGADE,4713,No Match Found
MXZ 800R PTEK RENEGADE,4714,No Match Found
800 RMK 144/155/ES/INTL ALL,4772,No Match Found
CAT Z1 TURBO SNO PRO ORANGE,4806,No Match Found
GSX 800 HO PTEK LTD,4820,No Match Found
MACH Z 1000 SDI ADRENALINE & X,4826,No Match Found
MXZ 500 SS ADRENALINE & TRAIL,4828,No Match Found
MXZ 600 HO RENEGADE & RENEGADE X,4833,No Match Found
MXZ 600 HO SDI BLIZZARD,4834,No Match Found
MXZ 800 HO RENEGADE & RENEGADE X,4838,No Match Found
"SUMMIT 600 HO SDI, ADRENALINE",4848,No Match Found
"SUMMIT 800 HO, ADRENALINE & X",4849,No Match Found
BIG BEAR 2WD REAL TREE X-TRA,4870,No Match Found
YFZ450X BILL BALLANCE EDITION,4872,No Match Found
GRIZZLY 660 AUTO 4X4 WETLAND,4891,No Match Found
CAT JAG /DLX/AFS/L/T,4909,No Match Found
CAT PUMA /DLX/2-UP,4912,No Match Found
"CAT BEARCAT WIDE TRACK 1998,",4918,No Match Found
CAT PANTERA (COMPOSITE),4926,No Match Found
CAT F8 LXR/SNO PRO,4961,No Match Found
CAT M8 HCR/SNO PRO,4973,No Match Found
CAT PANTERA(EXCEPT 7000 XT ITD),4974,No Match Found
CAT TZ1 TOURING/LXR/ TURBO LXR,4981,No Match Found
CAT XF7000/8000/9000,4984,No Match Found
CAT Z1 TURBO/EXT/SNO PRO,4987,No Match Found
CAT ZR 5000/6000/7000/8000/9000,4990,No Match Found
500/550/600/700 CLASSIC,5041,No Match Found
600 HO IQ TOURING/LX CLEANFIRE,5042,No Match Found
700/800 CLASSIC W/ DUAL SKAG,5045,No Match Found
900 FUSION DUAL SKAG,5047,No Match Found
XLT CLASSIC/RMK/SP/TOURING,5071,No Match Found
SAFARI DELUXE / L / RALLY,5093,No Match Found
GSX 500SS / 600 HO / 800 HO,5157,No Match Found
GTX 500SS / 600 HO /800 HO,5158,No Match Found
MX Z 500/600/700/800,5163,No Match Found
MX Z 500SS TRAIL/ADRENALINE,5164,No Match Found
MX Z 600/800 HO X/RENEGADE,5166,No Match Found
MX Z 380F/550F (BLOWMOLDED),5191,No Match Found
GSX SPORT/LIMITED/LE/SE,5200,No Match Found
RENEGADE /ADRENALINE XR/XP/BC/X,5207,No Match Found
600 INDY VOYAGEUR/INTL 144,5292,No Match Found
600 RUSH PRO S ALL OPTIONS,5296,No Match Found
"Ski MIRAGE 11, 11E, SP",5305,No Match Found
"SKANDIK, NORDIK, MIRAGE",5307,No Match Found
"TNT  18” TRACK, 440S",5312,No Match Found
246  BRAVO BR250H-T,5314,No Match Found
"PANTHER, PUMA, CHEETAH",5315,No Match Found
"PANTHER, DLX, MTN CAT",5322,No Match Found
"INDY, INDY SKS, INDY CLASSIC",5340,No Match Found
"GP  GP433F,G,GP433,A,B",5348,No Match Found
"INDY, CLASSIC, SKS, SP,SPX,EFI",5364,No Match Found
"EXT, EXT  SP, MTN CAT",5368,No Match Found
"INDY XLT SP, XC, LTD SP",5397,No Match Found
"INDY XLT, RMK, XLT SP",5398,No Match Found
"INDY, CARB, SKS, RMK",5405,No Match Found
"INDY, CLASSIC, SKS, RMK,EFI",5406,No Match Found
"ZR 600, EFI, LE, XC",5435,No Match Found
"INDY XC, XC SP, XC DLX",5442,No Match Found
"VX600 V-MAX ER, DLX, SX",5454,No Match Found
"ZR 600, EFI, EFI LE",5466,No Match Found
RMK 151' BEFORE 3/01,5475,No Match Found
"500 SS MX Z, TRAIL",5487,No Match Found
MX Z ADRENALINE /TNT,5489,No Match Found
"ZL 600, ZL 600 EFI",5514,No Match Found
"Z 570, ESR, SS, LX",5524,No Match Found
"GSX, GTX 600 HOSPORT,LTD",5542,No Match Found
"MX Z X,X-RS,BLIZZARD,ADRENALINE",5545,No Match Found
"F1000, LXR, SNO PRO",5564,No Match Found
"F8, CF8, M*, CFR",5598,No Match Found
XF 800 LXR/SNO PRO,5600,No Match Found
800 RMK 155/163 ALL OPTIONS,5604,No Match Found
800 RUSH PRO R ALL OPTIONS,5606,No Match Found
800 INDY SP/ES/INTL ALL OPTIONS,5608,No Match Found
"LONG TRACK, LT REVERSE",5627,No Match Found
"SAFARI CITAION, TUNDRA",5633,No Match Found
"INDY SKS, RMK, XC",5641,No Match Found
"MX Z ADRENALINE, BLIZZARD",5644,No Match Found
VK540 II VK540 III,5648,No Match Found
"VK540  VK540M,N,P,R,CR",5649,No Match Found
ALL 503 UP TO & 89,5673,No Match Found
1000 Sport Classic PaulSmart LE,5745,No Match Found
Softail Fat Boy FLSTF (ABS),5830,No Match Found
Softail Fat Boy Lo FLSTFB,5831,No Match Found
Softail Fat Boy S FLSTFBS,5832,No Match Found
V-Rod 10th Anniversary VRSCDX,5879,No Match Found
V-Rod Muscle VRSCF,5880,No Match Found
"V-Rod, Basic VRSCB",5882,No Match Found
V7 III Anniversario,5894,No Match Found
"CB 650 C, LC, SC, SCC",5912,No Match Found
"R 80 GS, R, RT, ST",6002,No Match Found
R 90 (Without oil cooler),6003,No Match Found
"R100 CS, S RS, RT, R (W/O oil",6005,No Match Found
350 ETX / Tuareg Wind,6011,No Match Found
Pegaso I.e. Tuscany Tibet Raid,6016,No Match Found
"G650 Xchallenge, Xcountry, Xmoto",6022,No Match Found
125 / GT Scarabeo Rotax,6034,No Match Found
200 Scarabeo (Rotax Motor),6037,No Match Found
125 Citystar/Executive,6043,No Match Found
"FLHC,FLHP,FLHS 1340",6059,No Match Found
"FZR 600 A,B, Genesis",6071,No Match Found
XJ 650 Maxim All Models,6074,No Match Found
"XJ 750 Maxim, Seca",6080,No Match Found
"GS 400 S, C, EC, EN",6093,No Match Found
GSX 400 (2-Cylinders),6095,No Match Found
GSX 400 X Impulse (Japan),6097,No Match Found
GSX-R 400 (Japan),6098,No Match Found
GS 550 (Disc Brake),6104,No Match Found
GS 550 (Drum Brake),6105,No Match Found
"XBR 500 F, FG, FH, G, SJ, SH",6130,No Match Found
AX 125 A/B   Fury 125R,6135,No Match Found
YP 250 Majesty/Grand Majesty,6148,No Match Found
R 45 (Solid No Hinge),6151,No Match Found
R 50/5 (Solid No Hinge),6152,No Match Found
R 60 (Solid No Hinge),6153,No Match Found
R 65 (Solid No Hinge),6154,No Match Found
R 65 LS (Solid No Hinge),6155,No Match Found
R 75 (Solid No Hinge),6156,No Match Found
R 80 (Solid No Hinge),6157,No Match Found
R 90 (Solid No Hinge),6158,No Match Found
R 100 (Solid No Hinge),6159,No Match Found
690 Duke/Enduro (LONG ),6163,No Match Found
ETV 1000 Caponord / Rally Raid,6164,No Match Found
"CB 250 NDX-B, NB",6180,No Match Found
CB 250 NDX - Super Dream,6181,No Match Found
"CB 400 A, N, NA, NB, NC",6190,No Match Found
GL 500I Silverwing / Interstate,6200,No Match Found
"CBX 550 FC, F2, F2C",6201,No Match Found
660  Baghira / Mastiff,6208,No Match Found
XV 250 Virago 0.00(V-Star),6221,No Match Found
XVS 650 V-Star Custom,6240,No Match Found
XVS 650 V-Star Midnight Custom,6241,No Match Found
XVS 650 V-Star Silverado,6242,No Match Found
XV 700 Virago All Models,6248,No Match Found
XV 750 Virago All Models,6249,No Match Found
XV 1000 Virago All Models,6254,No Match Found
XV 1100 Virago All Models,6256,No Match Found
"XC 125 Cygnus 1995-1996,",6262,No Match Found
125 X-MAX/City Max,6276,No Match Found
GSM 125 (Disc Brake),6293,No Match Found
350  Alp  4.0,6323,No Match Found
350  Euro / Jonathon,6324,No Match Found
"CAT EXT 580, EFI, M.C.",6368,No Match Found
"CAT JAG 275, 340, 3000",6376,No Match Found
CAT Z 370/ES/ESR,6434,No Match Found
CAT Z 570/ES/ESR,6436,No Match Found
"CAT Z, ZL 440, 500, 600",6438,No Match Found
"CAT ZR 440,500,580,600,EFI",6443,No Match Found
CAT ZR 500/600/700 EFI,6444,No Match Found
"CAT ZRT 600, 800 (H.A.)",6450,No Match Found
MX Z 500 ADRENALINE SS RER,6493,No Match Found
MX Z 600 ADRENALINE HO RER,6497,No Match Found
SDI RER MX Z 600 RENEGADE HO RER,6499,No Match Found
"SDI RER MX Z 600 RENEGADE HO, X",6501,No Match Found
MX Z 600 X HO SDI RER,6504,No Match Found
"400, INDY SKS",6550,No Match Found
440 PRO X FAN COOLED,6553,No Match Found
"440, INDY SKS",6557,No Match Found
500 XC SP EDGE M-10 F/O,6565,No Match Found
500 XC SP EDGE STOCK B,6566,No Match Found
500 XC SP EDGE X F/O,6567,No Match Found
500/600 XC SP EDGE/M-10,6572,No Match Found
"500/600/700 XC, SP",6573,No Match Found
600 HO IQ/LX CLEANFIRE,6578,No Match Found
600 IQ/ES/ES EURO,6582,No Match Found
600 XC SP EDGE M-10 F/O,6601,No Match Found
600 XC SP EDGE X F/O,6602,No Match Found
600 XC SP M-10 F/O,6604,No Match Found
600/700/800 CLASSIC TOURING,6607,No Match Found
600/700/800 PRO X,6608,No Match Found
600/700/800 PRO X/PRO X2,6609,No Match Found
600/700/800 RMK F/O,6610,No Match Found
700 RMK 136 STOCK,6621,No Match Found
700 RMK 144 F/O,6622,No Match Found
700 RMK 144 STOCK,6623,No Match Found
700 RMK 151 STOCK,6625,No Match Found
700 XC SP EDGE M-10 F/O,6633,No Match Found
700 XC SP EDGE X F/O,6634,No Match Found
700/800 XC EDGE F/O,6640,No Match Found
700/800 XC SP M-10 F/O,6641,No Match Found
700/900 FUSION F/O,6642,No Match Found
800 PRO RMK155/163/ES ALL,6649,No Match Found
800 RMK 144 F/O,6651,No Match Found
800 RMK 144 STOCK,6652,No Match Found
800 RMK 151 STOCK,6654,No Match Found
800 RMK F/O 144,6655,No Match Found
800 RMK F/O 144 STOCK,6656,No Match Found
800 RMK F/O 151 STOCK,6657,No Match Found
800 XC SP EDGE M-10 F/O,6664,No Match Found
800 XC SP EDGE X F/O,6665,No Match Found
800 XC SP F/O BUILT AFTER 3/1/01,6666,No Match Found
TRAIL RMK 136 STOCK A,6693,No Match Found
TRAIL TOURING/FLEET/TRANSPORT,6699,No Match Found
F-5/6/8/1000/LXR/Sno-Pro/1100,6771,No Match Found
T Z1 / T500 / T570 / T Z1 LXR,6780,No Match Found
Z1 - LXR / Turbo / EXT / Sno-Pro,6783,No Match Found
Z 370 / 570 / LX,6784,No Match Found
All IQ Chassis sleds (1 per ski),6795,No Match Found
Mach 1 / Z ( Composite Flex),6802,No Match Found
MXZ ( Composite Flex),6803,No Match Found
MXZ 440 Fan ( Composite Flex),6804,No Match Found
MXZX (Composite Flex),6805,No Match Found
MXZX 500 Trail/600/700/800 Trail,6806,No Match Found
Summit (Composite Flex),6807,No Match Found
340 LX / 550 LX (Blow Molded),6808,No Match Found
Freestyle/Session 300/550/Park/Back Ctry,6813,No Match Found
MXZ 380/550 Fan (Blow Molded),6816,No Match Found
Skandic Sport (Blow Molded),6817,No Match Found
GSX (Pilot Skis),6825,No Match Found
GTX (Pilot Skis),6826,No Match Found
Nytro/Nytro ER/RTX/FX/XTX,6841,No Match Found
Phazer 500/500 DLX/GT/FX/RTX/MTX,6843,No Match Found
600 Indy SP / 800 Indy SP,6852,No Match Found
CVO Softail Breakout FXSBSE,6866,No Match Found
CVO Softail Convertible FLSTSE,6867,No Match Found
Softail Rocker Custom FXCWC,6872,No Match Found
Chief Dark Horse,6898,No Match Found
CAT EXT MC DEEP LUG,6928,No Match Found
CAT THUNDERCAT MC W/DEEP LUG,6934,No Match Found
CAT WILDCAT MC W/DEEP LUG,6936,No Match Found
MX Z 380F/500F (STEEL),6962,No Match Found
800 Ranger EFI Mid-size 4x4,7147,No Match Found
DT50/MX/R/ST,7170,No Match Found
"CRF150R 2007-2009,",7208,No Match Found
50 SX/SX Mini,7225,No Match Found
"KXF50 2007-2009,",7242,No Match Found
"TRX450R/ER 2004-2009,",7245,No Match Found
YFM350 Bruin 2x4/4x4,7253,No Match Found
250 2x4/4x4,7290,No Match Found
300 2x4/4x4,7291,No Match Found
350L 2x4/4x4,7292,No Match Found
375 2x4/4x4 AT,7340,No Match Found
Deere Buck 500 EX/EXT,7362,No Match Found
Deere Trail Buck 500 Utility,7363,No Match Found
LT-A500XP KingQuad AXi PS,7383,No Match Found
LT160EK/EL/EM/EN,7469,No Match Found
KAF620F1/F2/F3 Mule 3020,7485,No Match Found
KAF400 Mule SX 4x4,7492,No Match Found
TXL-50 Impuls,7530,No Match Found
TXL-90 Impuls,7531,No Match Found
YXL-150 Yukon,7560,No Match Found
KLT200B/C Duckster,7581,No Match Found
YXR700 Rhino 4x4 FI,7596,No Match Found
YFM225 Moto-4,7598,No Match Found
YFM250 Moto-4,7601,No Match Found
YFM350 Bruin 4x4,7603,No Match Found
366 4x4 FIS AT,7633,No Match Found
400 2x4 FIS MT,7634,No Match Found
400 4x4 FIS AT,7638,No Match Found
400 4x4 FIS MT,7639,No Match Found
TRX350 FourTrax Rancher/4x4/ES,7668,No Match Found
TRX400FA FourTrax Rancher 4x4 AT,7669,No Match Found
TRX650FA FourTrax Rincon 4x4 AT,7679,No Match Found
LT-A500F Vinson 4x4,7698,No Match Found
LT-A750X KingQuad 4x4 AXi,7712,No Match Found
TRX680FA FourTrax Rincon 4x4 AT,7716,No Match Found
YFM400 Big Bear 4x4 IRS Hunter,7725,No Match Found
"A100 Go-Fer 1969,",7761,No Match Found
"CB125S 1973-1976,",7786,No Match Found
T250/-II Hustler,7792,No Match Found
T350-1/T350-2,7795,No Match Found
CB500T Twin DOHC,7827,No Match Found
YB10 Dieci/Biposto,7841,No Match Found
750 F1/Montjuich,7845,No Match Found
GL500/I Silver Wing/Interstate,7862,No Match Found
GL650/I Silver Wing/Interstate,7863,No Match Found
GL1000/LTD Gold Wing/LTD,7902,No Match Found
Paso 907 i.e.,7942,No Match Found
"DB2 1993-1995,",8030,No Match Found
750 F1 Laguna Seca,8069,No Match Found
KZ1000R Eddie Lawson Replica,8119,No Match Found
RR1000 Battle Twin,8127,No Match Found
RR1200 Battle Twin,8128,No Match Found
"Mojito 150 Custom 2004-2005,",8152,No Match Found
"ZX636 Ninja ZX-6R 2003-2006,",8189,No Match Found
UH200A Burgman/ABS,8197,No Match Found
748 Biposto/Monoposto,8208,No Match Found
996 Monoposto/Biposto/S Biposto,8210,No Match Found
XVS650 V-Star Silverado,8237,No Match Found
XVS1100 V-Star Custom,8270,No Match Found
XVS1100 V-Star Silverado,8271,No Match Found
ZX1100 GPZ1100/ABS,8295,No Match Found
Tre 1130 K/Amazonas,8322,No Match Found
NSA700A DN-01,8331,No Match Found
PC800 Pacific Coast,8334,No Match Found
VF750C/CD Magna/Deluxe,8338,No Match Found
VN1500 Vulcan Nomad,8380,No Match Found
VN1500 Vulcan Mean Streak,8384,No Match Found
VN1500 Vulcan Nomad FI,8385,No Match Found
VN1600 Vulcan Mean Streak,8387,No Match Found
VN1700 Vulcan Nomad,8389,No Match Found
VLR1800 Boulevard C109R/RT,8397,No Match Found
VZR1800 Boulevard M109R,8399,No Match Found
"KZ1000 Police 2002-2003,",8404,No Match Found
"KLX250S 2006-2007,",8422,No Match Found
"DR200S/SE 1996-2009,",8440,No Match Found
"DR250 1982-1983, 1985,",8442,No Match Found
"TTR230 2005-2009,",8446,No Match Found
"350 XC-F 2012-2013,",8450,No Match Found
"450 XC-F 2008-2010,",8452,No Match Found
"FLH, FLT, FXD",8474,No Match Found
"FXDB, F, L, FXDWG",8480,No Match Found
XLV 540 Electric Start,8647,No Match Found
XF6000 Crosstrek ES,8831,No Match Found
XF9000 High Country Sno Pro,8906,No Match Found
F8 Tony Stewart LE,9147,No Match Found
ZL 600 EFI esr SS,9418,No Match Found
Lynx 300 / Lynx 300 Deluxe,9620,No Match Found
MX Z 700 SB Millennium,9680,No Match Found
M7 / M7 EFI / M7 EFI LTD,9754,No Match Found
600 HO IQ LX CFI,9769,No Match Found
Indy 700 RMK Vertical Edge,9790,No Match Found
Indy 700 XC SP Edge,9792,No Match Found
Indy 800 RMK Vertical Edge,9799,No Match Found
Indy 500 XC SP 45TH Anniversary,9805,No Match Found
MX Z Adrenaline 600H.O.,9834,No Match Found
MX Z Adrenaline 600H.O. SDI,9835,No Match Found
Summit Adrenaline 600H.O. SDI,9854,No Match Found
Rave XTrim N-duro 600 HO SDI,9873,No Match Found
Xtrim 800R PowerTEK,9939,No Match Found
GSX LE 600H.O. E-TEC,9955,No Match Found
GSX Limited 600H.O. E-TEC,9958,No Match Found
GSX Limited 800H.O. Power T.E.K.,9960,No Match Found
GSX SE 600H.O. E-TEC,9962,No Match Found
GTX LE 600 H.O. E-TEC,9965,No Match Found
GTX Limited 800H.O. Power T.E.K.,9967,No Match Found
MX Z Adrenaline 1200 4-TEC,9971,No Match Found
MX Z Adrenaline 600H.O. E-TEC,9972,No Match Found
MX Z Adrenaline 800H.O.,9973,No Match Found
MX Z TNT 600H.O. E-TEC,9993,No Match Found
MX Z TNT 800R Power T.E.K.,9994,No Match Found
MX Z X 800H.O. DPM T.E.K.,10000,No Match Found
BoonDocker RE 800 E-TEC,10060,No Match Found
Rave RC 800 HO PowerTEK,10074,No Match Found
Xtrim Boondocker 800R E-TEC,10084,No Match Found
Xtrim SC 800R PowerTEK,10090,No Match Found
550 Indy / indy 144,10129,No Match Found
600 Rush Pro-S AXYS,10153,No Match Found
800 Rush Pro-S AXYS,10156,No Match Found
800 Rush Pro-X AXYS,10157,No Match Found
XF8000 Crosstrek ES,10180,No Match Found
XF8000 High Country Sno Pro,10184,No Match Found
550 H1 EFI 4x4,10212,No Match Found
550 TRV LTD EPS 4x4,10218,No Match Found
550 TRV XT EPS 4x4,10220,No Match Found
550 XR XT EPS 4x4,10222,No Match Found
650 H1 Mud Pro 4x4,10225,No Match Found
650 H1 4x4 Prowler,10226,No Match Found
650 H1 4x4 TRV LE Plus,10227,No Match Found
700 Mud Pro LTD 4x4,10231,No Match Found
700 Mud Pro LTD EPS 4x4,10232,No Match Found
700 H1 Mud Pro 4x4,10233,No Match Found
700 TRV LTD EPS 4x4,10242,No Match Found
700 TRV XT EPS 4x4,10244,No Match Found
650 V2 4x4 Auto LE,10248,No Match Found
700 EFI 4x4 Auto LE,10259,No Match Found
500 Sportsman HO/DUSE 4x4 w/EBS,10330,No Match Found
350 Bruin Auto 2x4,10335,No Match Found
350 Bruin Auto 4x4,10336,No Match Found
350 Grizzly Auto IRS 4x4,10339,No Match Found
700 Grizzly Auto/EPS 4x4,10343,No Match Found
375 2x4/4x4,10347,No Match Found
400 4x4 Auto ACT,10350,No Match Found
400 4x4 Auto LE,10351,No Match Found
400 4x4 Auto TBX,10352,No Match Found
400 4x4 Auto VP,10353,No Match Found
400 4x4 TRV PLUS,10354,No Match Found
400 4x4 Auto MRP,10355,No Match Found
500 4x4 Auto MRP,10358,No Match Found
500 4x4 Auto TBX,10359,No Match Found
500 4x4 Auto TRV,10360,No Match Found
Deere 500 Buck Auto All Years,10372,No Match Found
Deere Trail Buck All Years,10373,No Match Found
Deere Gator CS All Years,10374,No Match Found
Deere Gator CX All Years,10375,No Match Found
Deere Gator 2x4 All Years,10376,No Match Found
Deere Turf Gator All Years,10377,No Match Found
Deere Trail Gator 4x4 All Years,10378,No Match Found
Deere Trail Gator 4x6 All Years,10379,No Match Found
Deere Worksite 4x6 All Years,10380,No Match Found
520/550 Mule Series All Years,10384,No Match Found
4000/4010 Mule All Years,10387,No Match Found
330 ATP 4x4 w/EBS,10389,No Match Found
Doo SAFARI CITATION ELECTRO,10436,No Match Found
BRAVO 250 (BR250TL1),10439,No Match Found
BRAVO 250 (BR250TW),10440,No Match Found
BRAVO 250 (BR250TA1),10461,No Match Found
BRAVO 250 (BR250TX),10462,No Match Found
BRAVO 250 (BR250TY),10463,No Match Found
BRAVO LT (LONG TRACK) (BR250TP),10464,No Match Found
BRAVO LT (LONG TRACK) (BR250TR),10465,No Match Found
BRAVO LT (LONG TRACK) (BR250TT),10466,No Match Found
BRAVO T (LONG TRACK) (BR250TL),10469,No Match Found
BRAVO T (LONG TRACK) (BR250TM),10470,No Match Found
BRAVO T (LONG TRACK) (BR250TN),10471,No Match Found
"Doo T’NT 340 1971-1972,",10593,No Match Found
CS340 (CS340ED),10614,No Match Found
"Z 370  1999-2005,",10645,No Match Found
JAG AFS L/T (1 & 2 SPEED),10719,No Match Found
"Doo T’NT 440 1971,",10785,No Match Found
PHAZER E (ELEC START) (PZ480EJ),10862,No Match Found
Doo MX Z ADRENALINE 500 RER,10956,No Match Found
VK540 (VK540EN),11007,No Match Found
VK540 (VK540EP),11008,No Match Found
VK540 (VK540M),11010,No Match Found
XL-V (XL540J),11011,No Match Found
XL-V (XL540P),11015,No Match Found
Doo MX Z TNT 550F XP-FAN,11024,No Match Found
WIDETRAK LX INTERNATIONAL,11126,No Match Found
Doo MX Z ADRENALINE,11148,No Match Found
Doo MX Z ADRENALINE 600 RER,11149,No Match Found
Doo MX Z TNT (XP) ACE,11152,No Match Found
Doo SKANDIC WT 600 ACE (EUROPE),11159,No Match Found
Doo TUNDRA WT 550 RER EUROPE,11201,No Match Found
Doo MX Z FAN,11284,No Match Found
Doo MX Z ADRENALINE 500 SS,11303,No Match Found
550 INDY VOYAGER/INTL,11344,No Match Found
"550 INDY VOYAGEUR (144, 155)",11345,No Match Found
Doo SUMMIT ADRENALINE 600 H.O.,11418,No Match Found
Doo GSX SPORT 1-UP 600 H.O.,11426,No Match Found
Doo GSX SPORT 1-UP 600 H.O. SDI,11427,No Match Found
Doo GSX SPORT 2-UP 600 H.O.,11428,No Match Found
Doo GSX SPORT 2-UP 600 H.O. SDI,11429,No Match Found
Doo MX Z ADRENALINE 600 H.O.,11433,No Match Found
Doo MX Z ADRENALINE 600 H.O. SDI,11434,No Match Found
Doo MX Z TRAIL 600 H.O. RER,11436,No Match Found
"600 IQ LXT 2011-2012,",11470,No Match Found
"600 RMK (144, 155)",11475,No Match Found
600 RMK/ES (144),11478,No Match Found
SNO 600 IQ RACER/INTL,11512,No Match Found
Doo GSX LIMITED 600 H.O. SDI,11519,No Match Found
Doo GSX SPORT 2-TEC 600 H.O. SDI,11521,No Match Found
Doo GSX SPORT 600 H.O. SDI,11524,No Match Found
Doo GTX LIMITED 600 H.O. SDI,11527,No Match Found
Doo GTX SPORT 2-TEC 600 H.O. SDI,11528,No Match Found
Doo GTX SPORT 600 H.O. SDI,11530,No Match Found
Doo MX Z ADRENALINE 600 H.O. RER,11533,No Match Found
Doo MX Z BLIZZARD 600 H.O. SDI,11534,No Match Found
Doo MX Z REV SPORT 600 H.O. RER,11542,No Match Found
Doo MX Z REV X H.O. RER,11543,No Match Found
Doo MX Z X 2-TEC 600 H.O. SDI,11548,No Match Found
Doo MX Z X 600 H.O. SDI,11550,No Match Found
Doo MX ZX 600H.O. SDI,11552,No Match Found
Doo SKANDIC SWT 600 ACE 4-STROKE,11583,No Match Found
"Doo SKANDIC WT 600 ACE 2013,",11584,No Match Found
"Doo TUNDRA LT 600 ACE 2012,",11589,No Match Found
Doo TUNDRA LT 600 ACE XU154,11591,No Match Found
Doo TUNDRA SPORT 600 ACE XP,11593,No Match Found
Doo TUNDRA SPORT 600 ACE XU137,11594,No Match Found
Doo SKANDIC SUV 600 H.O. SDI,11597,No Match Found
BEARCAT WT TURBO ARTICULATING,11612,No Match Found
Doo MX Z ADRENALINE 700 RER,11688,No Match Found
"800 PRO-RMK (155, 163)",11751,No Match Found
800 RUSH GSL ES,11756,No Match Found
Doo SKANDIC TUNDRA LT 800 4-TECH,11778,No Match Found
Doo MACH Z TECH PLUS 800 RER,11783,No Match Found
Doo MX Z ADRENALINE 800 RER,11794,No Match Found
Doo GTX LE 1200 4-TECH,11840,No Match Found
Doo GSX LIMITED 1-UP 800 H.O.,11863,No Match Found
Doo GSX LIMITED 2-UP 800 H.O.,11864,No Match Found
Doo GSX LIMITED 800 H.O. DPM,11865,No Match Found
Doo GTX LIMITED 800 H.O. DPM,11869,No Match Found
Doo MX Z ADRENALINE 800 H.O.,11877,No Match Found
Doo MX Z X 800 H.O. DPM,11892,No Match Found
Doo MX Z X 800 H.O. POWER T.E.K.,11893,No Match Found
Doo MACH Z ADRENALINE,11922,No Match Found
Doo MACH Z ADRENALINE H.O. SDI,11923,No Match Found
Doo GSX LE (XP) 600 H.O. E-TEC,12048,No Match Found
Doo GSX LE (XP) E-TEC 600 H.O.,12049,No Match Found
Doo GSX LE (XR) 1200 4-TEC,12050,No Match Found
Doo GSX LE (XR) 4-TEC 1200,12051,No Match Found
Doo GSX LE 600 H.O. E-TEC,12056,No Match Found
Doo GSX LE 600 H.O. E-TEC XP,12057,No Match Found
Doo GSX LE 600 H.O. E-TEC XS120,12058,No Match Found
Doo GSX LE 600 H.O.E XS,12059,No Match Found
Doo GSX LE 900 ACE XS,12060,No Match Found
Doo GSX LE 900 ACE XS120,12061,No Match Found
Doo GSX LIMITED 1200 4-TECH,12062,No Match Found
Doo GSX LIMITED 600 H.O. E-TEC,12063,No Match Found
Doo GSX SE 600 H.O. E-TEC,12069,No Match Found
Doo GSX SE 600 H.O. E-TEC XR137,12070,No Match Found
Doo GSX SE 600 H.O.E XR,12071,No Match Found
Doo GSX SE 800R E-TEC XR,12073,No Match Found
Doo GSX SE 800R E-TEC XR137,12074,No Match Found
Doo GSX SE E-TEC 600 H.O.,12075,No Match Found
Doo GSX SE E-TEC 800R,12076,No Match Found
Doo GTX LE 600 H.O E-TECH,12077,No Match Found
Doo MX Z ADRENALINE 1200 4-TEC,12080,No Match Found
Doo MX Z ADRENALINE 800R PTEK,12084,No Match Found
Doo MX Z TNT (XP) 600 H.O. E-TEC,12090,No Match Found
Doo MX Z TNT (XP) 800R E-TEC,12091,No Match Found
Doo MX Z TNT (XP) 800R PTEK,12092,No Match Found
Doo MX Z TNT (XP) E-TEC 600 H.O.,12093,No Match Found
Doo MX Z TNT (XR) 1200 4-TEC,12094,No Match Found
Doo MX Z TNT (XR) 4-TEC 1200,12095,No Match Found
Doo MX Z TNT 1200 4-TECH,12096,No Match Found
Doo MX Z TNT 1200 4-TECH (4),12097,No Match Found
Doo MX Z TNT 600 H.O. E-TEC,12099,No Match Found
Doo MX Z TNT 600 H.O. E-TEC (2),12100,No Match Found
Doo MX Z TNT 800 R E-TEC XP,12101,No Match Found
Doo MX Z X (RACING) 600 RS XP,12102,No Match Found
Doo MX Z X (XP) 600 H.O.,12103,No Match Found
Doo MX Z X (XR) 4-TEC 1200,12106,No Match Found
Doo MX Z X (XS) E-TEC 600 H.O.,12107,No Match Found
Doo MX Z X 600 H.O. E-TEC,12111,No Match Found
Doo MX Z X 600 H.O. E-TECH,12112,No Match Found
Doo MX Z X 800R POWER T.E.K.,12115,No Match Found
Doo MX Z X-RS 600 H.O. E-TEC,12117,No Match Found
Doo MX Z X-RS E-TEC 600 H.O.,12121,No Match Found
Doo MXZ 600 H.O. E-TEC,12124,No Match Found
Doo MXZ BLIZZARD 600 H.O. E-TEC,12129,No Match Found
Doo MXZ TNT 600 H.O. E-TEC,12135,No Match Found
Doo MXZ TNT 600 H.O. E-TEC XS120,12136,No Match Found
Doo MXZ TNT 600 H.O.E XS,12137,No Match Found
Doo MXZ TNT 800R E-TEC XS,12139,No Match Found
Doo MXZ TNT 800R E-TEC XS120,12140,No Match Found
Doo MXZ TNT 850R E-TEC,12141,No Match Found
Doo MXZ TNT 900 ACE XS,12142,No Match Found
Doo MXZ TNT 900 ACE XS120,12143,No Match Found
Doo MXZ X 600 H.O. E-TEC,12147,No Match Found
Doo MXZ X 600 H.O. E-TEC XS120,12148,No Match Found
Doo MXZ X 600 RS XS RACE SLED,12150,No Match Found
Doo MXZ X 800R E-TEC XS120,12154,No Match Found
Doo MXZ XRS 800R E-TEC XS-RS120,12159,No Match Found
Doo SKANDIC SWT 600 H.O. E-TEC,12236,No Match Found
Doo SKANDIC SWT E-TEC 600 H.O.,12239,No Match Found
Doo SKANDIC WT (XU) 600 H.O.,12241,No Match Found
Doo SKANDIC WT 600 H.O. E-TEC,12243,No Match Found
Doo SKANDIC WT 600 H.O. E-TEC XU,12244,No Match Found
Doo SKANDIC WT E-TEC 600 H.O.,12246,No Match Found
"Doo SUMMIT SP 800R E-TEC 2012 ,",12266,No Match Found
M8000 HCR 153,12312,No Match Found
M8000 HCR 153/162,12313,No Match Found
M8000 LIMITED ES /  SNO PRO ES,12316,No Match Found
M8000 LIMITED ES 153/162,12317,No Match Found
XF 6000 HIGH COUNTRY LTD ES,12329,No Match Found
XF 800 HIGH COUNTRY SNO PRO,12335,No Match Found
XF 800 HIGH COUNTRY SNO PRO LTD,12336,No Match Found
XF 8000 CROSSTREK ES,12346,No Match Found
XF 8000 HIGH COUNTRY LIMITED,12348,No Match Found
XF 8000 HIGH COUNTRY LIMITED ES,12349,No Match Found
ZR 6000 TUCKER HIBBERT RR,12370,No Match Found
F 1100 TURBO SNO PRO LTD,12389,No Match Found
F 1100 TURBO SNO PRO RR,12390,No Match Found
M1100 TURBO SNO PRO HCR,12398,No Match Found
M1100 TURBO SNO PRO LTD,12399,No Match Found
M9000 153/162,12400,No Match Found
M9000 HCR 162,12401,No Match Found
XF 1100 TURBO SNO PRO,12413,No Match Found
XF 1100 TURBO SNO PRO LTD,12416,No Match Found
XF 9000 HIGH COUNTRY LIMITED,12421,No Match Found
XF 9000 HIGH COUNTRY SNO PRO,12422,No Match Found
"800 AXYS PRO RMK (155, 163)",12491,No Match Found
"800 AXYS PRO RMK (155,163, 174)",12492,No Match Found
800 AXYS SKS (155),12494,No Match Found
XF 9000 High Country LTD,12504,No Match Found
AC 440 Sno Pro Modified,12616,No Match Found
600 Indy SP TD Series LE,12664,No Match Found
600 Pro Ride Rush,12665,No Match Found
800 Pro-RMK 174 LE,12688,No Match Found
FX10RT FX Nytro RTX Non-Reverse,12740,No Match Found
RX10GTA Apex GT 40th Anniversary,12748,No Match Found
MX Z 50th Anniversary,12767,No Match Found
Summit 50th Anniversary,12775,No Match Found
XF 9000 High Country SP,12841,No Match Found
XF 6000 High Country Limited ES,12885,No Match Found
XF 8000 CrossTrek ES,12894,No Match Found
XF 8000 High Country Limited ES,12896,No Match Found
XF 8000 High Country LTD,12899,No Match Found
XF 8000 High Country Sno Pro LTD,12900,No Match Found
XF 8000 High Country SP,12901,No Match Found
ZR 6000 Tucker Hibbert RR,12913,No Match Found
375 AUTOMATIC,12954,No Match Found
"XR650L 1993-2009,",13039,No Match Found
"CRF100F 2004-2009,",13041,No Match Found
"CRF150F 2003-2009,",13042,No Match Found
"CRF230F 2003-2009,",13043,No Match Found
"DR-Z400S 2000-2009,",13045,No Match Found
625 LC4 Dual/EXC,13053,No Match Found
640 LC4 Duke II Schwartz,13054,No Match Found
"GTI, GTX, RXP, RXT 2003-2009,",13058,No Match Found
"CRF150F 2006-2009,",13097,No Match Found
"TE 250 2010-2011,",13100,No Match Found
80 RLW/RSL,13106,No Match Found
640 LC4 Duke II,13127,No Match Found
TRX250TE/TM FourTrax Recon/ES,13165,No Match Found
"TRX250X FourTrax 1987-1988,",13180,No Match Found
KLT200A/C Duckster,13181,No Match Found
KLF185A Bayou,13195,No Match Found
"TRX450ER/R 2006-2009,",13211,No Match Found
VN1500 Vulcan/88/88 SE,13223,No Match Found
YB8/YB10,13225,No Match Found
GL500 Silver Wing/Interstate,13232,No Match Found
GL650 Silver Wing/Interstate,13233,No Match Found
"KZ1000P Police 2002-2003,",13272,No Match Found
ZX1100E/GPz1100/ABS,13285,No Match Found
KRF750 Teryx 4x4 FI,13316,No Match Found
YXR700 Rhino 4x4 Fi,13326,No Match Found
YFM350 Bruin 2x4 AT,13347,No Match Found
YFM350 Bruin 4x4 AT,13348,No Match Found
"LT-F250 Ozark 2003-2009,",13358,No Match Found
400 2x4 FIS/2x4 AT FIS,13363,No Match Found
400 4x4 AT FIS/LE,13364,No Match Found
400 4x4 AT MRP/FIS MRP,13365,No Match Found
400 4x4 AT TRV,13366,No Match Found
400 4x4/FIS/MRP/FIS MRP,13368,No Match Found
400i 4x4/2x4,13369,No Match Found
500 4x4 AT FIS/LE/M4/MRP,13372,No Match Found
500 4x4 AT TBX/TRV,13373,No Match Found
"LT-A400 Eiger 2x4 2002-2004,",13378,No Match Found
"LT-A400F KingQuad 4x4 ASi 2008-2012,",13380,No Match Found
LT-A450X KingQuad 4x4/AXi,13381,No Match Found
LT-A500X/XP KingQuad 4x4 AXi/PS,13383,No Match Found
LT-A750X/XP KingQuad 4x4 AXi/PS,13385,No Match Found
"LT-F400F KingQuad 4x4 FSi 2008-2012,",13388,No Match Found
LT-F500F Vinson 4x4,13390,No Match Found
"YFM350ER Moto-4 1987-1990,",13392,No Match Found
YFM350R Raptor/SE/SE2,13393,No Match Found
"LT-Z400/Z QuadSport/SE 2003-2009,",13399,No Match Found
"YFZ450/Bill Balance/SE 2004-2009,",13401,No Match Found
"TRX300FW FourTrax 4x4 1988,",13403,No Match Found
TRX350TM/TE FourTrax Rancher/ES,13405,No Match Found
TRX420TM/TE FourTrax Rancher/ES,13407,No Match Found
Deere Gator HPX 620 4x4,13410,No Match Found
Deere Gator XUV 620i 4x4,13411,No Match Found
"KAF300C Mule 550 1997-2001,",13412,No Match Found
"KAF620C Mule 2500 1994-1995,",13415,No Match Found
366 4x4 AT FIS,13420,No Match Found
400 4x4 AT FIS,13421,No Match Found
500 4x4 AT FIS/M4,13425,No Match Found
650 H1 4x4 AT FIS LE/SE/LE/M4,13431,No Match Found
700 4x4 AT EFI/LE/H1 SE/M4/TRV,13434,No Match Found
700 H1 TBX LTD 4x4,13435,No Match Found
700i TBX GT 4x4,13437,No Match Found
Prowler 1000 H2 4x4 AT XTZ\EFI,13444,No Match Found
Prowler 700 H1 4x4 AT XTX LE/EFI,13450,No Match Found
Thundercat 1000 H2 4x4 AT SE,13452,No Match Found
GL1500CF Valkyrie Interstate,13515,No Match Found
NC700D/X Integra,13517,No Match Found
"CR250M Elsinore 1973,",13524,No Match Found
"CT110 Trail 1980-1984,",13526,No Match Found
"XL125S 1980-1982,",13534,No Match Found
"KD80 1975-1976,",13540,No Match Found
"KE100A/B 1986-1990,",13542,No Match Found
"CT90 Trail 1966, 1969-1972,",13546,No Match Found
"DR-Z125 2003-2010,",13556,No Match Found
"PW80 Y-Zinger 1983, 1985,",13557,No Match Found
"SP250 1982-1983,",13565,No Match Found
"MX100 1974-1975,",13579,No Match Found
"DR-Z125L 2003-2010,",13581,No Match Found
"KLX250S 2009-2010,",13583,No Match Found
VL800 Boulevard C50/LTD,13587,No Match Found
XVS1100 V-Star Midnight Custom,13591,No Match Found
XVS650 V-Star Midnight Custom,13592,No Match Found
KZ650B/C/D/E/F/H/CSR/LTD,13594,No Match Found
"H1 Mach III 1969-1971,",13597,No Match Found
"YX600 Radian 1980-1982,",13612,No Match Found
CB750K 750 Four/Four K,13614,No Match Found
SR500E/F/G/SP,13623,No Match Found
GSF1200/S Bandit,13649,No Match Found
XV1600 Road Star Silverado/LTD,13652,No Match Found
"RD125 1975-1976,",13680,No Match Found
GL1200I Gold Wing Interstate,13713,No Match Found
GL1500/SE Gold Wing/SE,13714,No Match Found
GL1500A Gold Wing Aspencade,13715,No Match Found
GL1500I Gold Wing Interstate,13716,No Match Found
"NT700V/VA Deauville/ABS 2006-2008,",13719,No Match Found
ST1100/A ABS-TCS/ABS II,13720,No Match Found
KLE650 Versys/ABS,13723,No Match Found
VN1500 Vulcan Nomad/Fi,13726,No Match Found
"Z1000 2003-2008,",13727,No Match Found
VL1500 Boulevard C90/C90T,13731,No Match Found
XT600Z Tenere Euro,13734,No Match Found
"RX 50 119989-1990,",13744,No Match Found
F4 1000S/1000R/1000RR,13763,No Match Found
"RS 125/Replica 119992-1999,",13770,No Match Found
"RX/SX125 1985-1989,",13773,No Match Found
V11 Le Mans Naked/Sport,13779,No Match Found
998S Bayliss/Bostrom,13797,No Match Found
GSF1250S Bandit/ABS,13815,No Match Found
VFR1200X/XD Crosstourer/DCT,13816,No Match Found
GL1800/A Gold Wing/ABS,13822,No Match Found
G650 XChallenge/XCountry,13903,No Match Found
620 LC4 Rallye,13978,No Match Found
50 SX Pro Sr LC/Sr Adventure,14016,No Match Found
50 SX/SXR Pro Jr/Sr/Adventure,14020,No Match Found
366 4x4 Auto FIS,14044,No Match Found
400 2x4 MT FIS,14045,No Match Found
400 4x4 MT FIS,14046,No Match Found
KLF300B Bayou,14051,No Match Found
YFM400F/FA Kodiak/AT 4x4,14066,No Match Found
LTA450X/XZ KingQuad,14096,No Match Found
LT-A500F Vinson 4WD,14099,No Match Found
YFM450FW Kodiak/AT,14111,No Match Found
YFM600FG Grizzly AT 4x4,14112,No Match Found
TRX500FM/FE FourTraxforeman 4x4/ES,14145,No Match Found
TS50J/K/L/R,14166,No Match Found
PWC Sea Flash,14190,No Match Found
"ATC 70 1973-1974,",14198,No Match Found
"KingQuad 400 4x4 AT 2008-2012,",14278,No Match Found
SV650/SV650S/SVF650,14306,No Match Found
"CB900F 919/CBR900RR 2002-2006,",14321,No Match Found
Rocket III/Classic/Touring,14337,No Match Found
"FZ1, FZ1N, FZ1S/Fazer",14344,No Match Found
FZ6/Fazer/S2/ABS/R,14345,No Match Found
R80GS/Paris Dakar,14359,No Match Found
"PC800 Pacific Coast 1989-1990,",14368,No Match Found
VF750F C2 Shadow,14372,No Match Found
XRV750 African Twin,14376,No Match Found
EN500 Vulcan/LTD,14377,No Match Found
VN2000 Vulcan/Classic/Classic LT,14383,No Match Found
ZX750 ZXR750R/ZX-7R/RR,14388,No Match Found
K1/100/100LT/RS/RT,14402,No Match Found
R850C/R/GS Boxer/RT,14409,No Match Found
R1200GS/HP2/R/RT/S/ST,14411,No Match Found
1000GT/Sport Biposto/Sport/S,14414,No Match Found
748 Biposto/SP/R/S,14419,No Match Found
"916 SPS/Senna 1993,",14428,No Match Found
916 Strada/Biposto/SPS,14429,No Match Found
"ST3 2004-2005,",14444,No Match Found
"VF750C V45 Magna 1982-1983,",14454,No Match Found
FZ1/N/S/Fazer,14461,No Match Found
VT750C/CD Shadow ACE/Deluxe,14468,No Match Found
GL1100I Gold Wing Interstate,14474,No Match Found
GPZ900R Ninja,14476,No Match Found
"ZR1100 Zephyr 1981-1985,",14482,No Match Found
ZX1000 Ninja/Tomcat,14484,No Match Found
"ZX1100 GPZ1100 1981-1985,",14485,No Match Found
"620 Duke 1994,",14491,No Match Found
GT125/R Comet,14493,No Match Found
"DR200SE 1986-1991,",14497,No Match Found
"XV250 1988-1990,",14518,No Match Found
XVS1100 Drag Star Custom,14522,No Match Found
G650 XChallenge/XCountry/XMoto,14533,No Match Found
1190 RC8/R/Track,14539,No Match Found
TRX350FM/FE FourTrax Rancher 4x4,14548,No Match Found
8-Ball Vision/Vision Tour,14555,No Match Found
Vegas Jackpot/8-Ball,14573,No Match Found
RSV 1000 Mille/1000R/Factory,14577,No Match Found
Torpedo 150 4T Piaggio,14600,No Match Found
BV 125/GT/RST,14605,No Match Found
GT/GTS/GTV 250/GT60,14631,No Match Found
450 XC-W/XC-F,14693,No Match Found
950 LC8 Adv/Adv S,14703,No Match Found
"FLT, FLHT, FLST, FXDWG, FXST, FXWG",14708,No Match Found
FL L77-1984,14711,No Match Found
XVS1100 V-Star Classic/Custom,14715,No Match Found
FZ1-N/NA,14722,No Match Found
FZ8-S/SA,14723,No Match Found
VZR1800 Boulevard M109/R,14735,No Match Found
CMX250C/CD Rebel/Limited,14753,No Match Found
GPZ600R Ninja,14820,No Match Found
ZX1100 GPZ1100 ABS,14837,No Match Found
"TT500 1976-1977,",14845,No Match Found
"YW50 Zuma 2002-2005,",14847,No Match Found
"XL125S 1979-1982,",14850,No Match Found
"XL250 1973-1974,",14857,No Match Found
"XL350K/R 1974-1975,",14858,No Match Found
"CMX250C Rebel 1985-1987,",14861,No Match Found
"ZX600 Ninja 600R 1985-1987,",14881,No Match Found
"CB450SC Nighthawk 1982-1983,",14882,No Match Found
"CB600F 599 2004,",14883,No Match Found
"DR250 1982-1983,",14888,No Match Found
"450 SMR 2004-2009,",14891,No Match Found
"LS650 Boulevard S40 2005-2009,",14892,No Match Found
"DR-Z125 2003-2009,",14904,No Match Found
"PW50 Y-Zinger 1981-1983,",14907,No Match Found
"CRF150R/RB Expert 2007-2009,",14909,No Match Found
"WR450F 2004-2009,",14911,No Match Found
"DR-Z400 2000-2009,",14912,No Match Found
250 XC-F/XCF-W,14914,No Match Found
350 XC-F/XCF-W,14918,No Match Found
"450 XC-W 2007, 2009,",14921,No Match Found
"400 DVX 2004,",14941,No Match Found
GB500 Clubman,14963,No Match Found
CB750C/SC Custom,14970,No Match Found
GL1000LTD Gold Wing LTD,14971,No Match Found
CB750K 750 Four K,14973,No Match Found
CB750L 750 Four K LTD,14974,No Match Found
VLR1800 Boulevard C109/RT,14992,No Match Found
S2/S2A-350 2 Stroke Triple,14993,No Match Found
"GN125 1991-1993,",14995,No Match Found
FZ600S/SC/T/TC/U/UC,15007,No Match Found
ER-6F/ER650 ER-6N,15023,No Match Found
VT750DC Black Widow,15041,No Match Found
CBR650F/CBR650F ABS,15049,No Match Found
TDM900/AV ABS,15058,No Match Found
GSF1250 Bandit/S/ABS,15114,No Match Found
R1150RS Rockster/RT/ABS,15121,No Match Found
998 Biposto/S,15142,No Match Found
GSR750/GSR750 ABS,15147,No Match Found
GSX1300BK B-King/ABS,15148,No Match Found
GSX1300R Hayabusa/ABS,15149,No Match Found
R80GS Paris Dakar,15156,No Match Found
V7 II Custom Dark Rider,15167,No Match Found
V7 II Racer/Special/Stone/ABS,15169,No Match Found
Brutale 800 Dragster EAS/ABS,15183,No Match Found
F4 1000 Frecce Tricolori,15186,No Match Found
GSF1200 Bandit ABS,15196,No Match Found
XVS1100 V-Star/Custom,15202,No Match Found
VF750C Magna/CD Deluxe,15208,No Match Found
"SFV650 2009-2010,",15220,No Match Found
VL800 Boulevard C50/C50T,15221,No Match Found
"VZ1500 Boulevard M90 2009,",15222,No Match Found
GL1100 Gold Wing/Interstate,15230,No Match Found
GL1100A Gold Wing Aspencade,15231,No Match Found
XV250 Virago/XV250 V-Star,15239,No Match Found
KZ650 Custom 1979  From F/No.,15241,No Match Found
XV1900 Roadliner/Roadliner S,15253,No Match Found
VN1700 Vulcan Nomad ABS,15256,No Match Found
California EV/Special Series,15278,No Match Found
1000SP II/III,15303,No Match Found
XVS1300 V-Star Deluxe/Tourer,15309,No Match Found
GV650 Aquila/Avitar,15315,No Match Found
Biposto 916/Senna 916,15385,No Match Found
500 Alpino/ 500 Montjuic MK I,15389,No Match Found
VLR1800 Boulevard C109R/C109RT,15460,No Match Found
F4 RR312 1078,15466,No Match Found
250 EXC/EXC-F,15479,No Match Found
DL650 V-Strom/ABS,15484,No Match Found
GSF600ST/SV/SW Bandit,15490,No Match Found
XS1100SG/SH Midnight Special,15529,No Match Found
KZ650 Custom 1977-1979  To F/No.,15566,No Match Found
Sport Classic 1000 Paul Smart LE,15570,No Match Found
VT1300CX Fury ABS,15573,No Match Found
SB50 Elite ES/SB50P Elite E,15601,No Match Found
"GS300 1982-1983,",15604,No Match Found
Dyna Fat Bob FXDF (ABS),15636,No Match Found
Dyna Low Rider FXDL (ABS),15637,No Match Found
Dyna Street Bob FXDB (ABS),15638,No Match Found
Dyna Wide Glide FXDWG (ABS),15641,No Match Found
Softail Blackline FXS (ABS),15642,No Match Found
Softail Breakout FXSB (ABS),15643,No Match Found
Softail Deluxe FLSTN (ABS),15644,No Match Found
Chief Dark Horse (ABS),15649,No Match Found
Chieftan Dark Horse (ABS),15654,No Match Found
Springfield Dark Horse (ABS),15660,No Match Found
Softail Breakout 107 FXBR,15662,No Match Found
Softail Breakout 114 FXBRS,15663,No Match Found
Softail Fat Bob 107 FXFB,15665,No Match Found
Softail Fat Bob 107 FXFB (ABS),15666,No Match Found
Softail Fat Bob 114 FXFB,15667,No Match Found
Softail Fat Boy 107 FLFB,15668,No Match Found
Softail Fat Boy 114 FLFBS,15669,No Match Found
Softail Street Bob FXBB (ABS),15673,No Match Found
TC 85 19/16,15702,No Match Found
C50/70/90 CUB,15703,No Match Found
ER250 B1/B2 All Years,15729,No Match Found
GPZ305 All Years,15730,No Match Found
Z200/250 All Years,15732,No Match Found
GSX600/750 Katana,15742,No Match Found
GT200 X5 All Years,15748,No Match Found
TC/TS All Models,15753,No Match Found
DT125 LC All Years,15756,No Match Found
DT125/175MX All Years,15758,No Match Found
XT 350/500 LC All Years,15768,No Match Found
XT250L/LC All Years,15770,No Match Found
XT350N/NC All Years,15771,No Match Found
XT350S/SC All Years,15772,No Match Found
525XCW/SX/EXC,15785,No Match Found
350SX-F/XC-F/W,15796,No Match Found
350EXCF/XCFW,15797,No Match Found
500EXC/XCF-W,15803,No Match Found
F4/8/11  Bison,15819,No Match Found
F5/F9  350  Big Horn,15820,No Match Found
LB50P E-J Chappy,15836,No Match Found
LC50 G/H Bop,15837,No Match Found
CR125M  Elsinore,15845,No Match Found
Early Domino Cable,15877,No Match Found
300EXC / MXC,15881,No Match Found
360MXC/EXC/SX,15883,No Match Found
TS125 M-N/ERN,15897,No Match Found
TS125ER T/X/XE/Z,15899,No Match Found
Flow K&N System,15904,No Match Found
Brutale 800 Dragster RC,15914,No Match Found
Brutale 800 RR Pirelli,15916,No Match Found
375 2x4/4x4 w/AT,15947,No Match Found
400 FIS 2x4 w/AT or w/MT,15951,No Match Found
400 FIS 4x4 w/AT or w/MT,15952,No Match Found
500 FIS 4x4 w/AT,15964,No Match Found
500 FIS 4x4 W/MT,15965,No Match Found
500 TBX 4x4 w/AT,15967,No Match Found
550 H1 EFI FIS 4x4,15975,No Match Found
550 TRV 4x4 w/AT,15976,No Match Found
550i TRV GT EFI 4x4,15977,No Match Found
700i TRV Cruiser EFI 4x4,15987,No Match Found
700i TRV GT EFI 4x4,15988,No Match Found
1000 Mud Pro H2 4x4,15992,No Match Found
TRX 300 FW Fourtrax 4x4,16037,No Match Found
TRX 350 FE/FM Fourtrax Rancher,16038,No Match Found
TRX 350 TE/TM Fourtrax Rancher,16039,No Match Found
TRX 420 FA/FPA,16042,No Match Found
LT-A 400F King Quad Auto 4WD,16118,No Match Found
LT-F 250F (except Ozark),16121,No Match Found
LT-F 300 4WDX King Quad,16123,No Match Found
330 Magnum 4x4 (after 10/01/05),16141,No Match Found
330 Magnum 4x4 (before 10/01/05),16142,No Match Found
1000 Maverick X DS/RS Turbo 4x4,16194,No Match Found
570 Ranger XP/EPS Full-Size 4x4,16199,No Match Found
900 ACE SP EPS 4x4 Non EBS,16203,No Match Found
900 RZR 50” 4x4 Non-EBS,16210,No Match Found
900 RZR Trail EPS 50” 4x4 w/EBS,16212,No Match Found
500 Sportsman HO Carb 4x4 w/EBS,16217,No Match Found
1000 H2 Mud Pro EFI 4x4,16228,No Match Found
1000 Wildcat 4x4 (Late build),16238,No Match Found
570 RZR Trail EPS 4x4 w/EBS,16264,No Match Found
800 Ranger Full-Size 4x4,16265,No Match Found
800 Ranger HD Full-Size 4x4,16268,No Match Found
800 RZR S/LE 4x4,16271,No Match Found
TRX 350 ES/FE/S/TM Rancher,16303,No Match Found
570 Ranger Full-Size 4x4,16306,No Match Found
570 Ranger Full-Size EPS 4x4,16307,No Match Found
800 RZR 4x4 exc AK model,16341,No Match Found
650 Prairie Realtree 4x4,16347,No Match Found
700 Prairie Realtree 4x4,16348,No Match Found
700 Ranger HD 4x4 exc AN model,16382,No Match Found
700 Ranger XP 4x4 exc AN model,16383,No Match Found
800 Ranger XP 4x4 exc AN model,16384,No Match Found
500 ATP 4x4 (after 7/1/03),16387,No Match Found
500 ATP 4x4 (before 7/1/03),16388,No Match Found
570 Ace SP EPS (EBS),16399,No Match Found
570 RZR Trail EPS (Non EBS),16401,No Match Found
900 RZR XP 4 Jagged X 4x4,16443,No Match Found
400 FIS AT/MT 4x4,16447,No Match Found
500 FIS MT 4x4,16453,No Match Found
500 FIS TBX 4x4,16454,No Match Found
YFM 350 FA Bruin 4x4,16484,No Match Found
YFM 350 Grizzly IRS 4x4,16486,No Match Found
YFM 350 FGW Grizzly 4x4,16487,No Match Found
YFM 450 Grizzly EPS 4x4,16496,No Match Found
KLF 300 C Bayou 4x4,16507,No Match Found
KLF 300 B Bayou,16515,No Match Found
KVF 360 A/B/C Prairie 4x4,16516,No Match Found
KVF 360 A/C Prairie 4x4,16518,No Match Found
2510 Mule Diesel 4x4 (950cc),16529,No Match Found
3010 Mule Diesel 4x4 (620cc),16530,No Match Found
4010 Mule Diesel 4x4 (950cc),16531,No Match Found
2500 Mule 4x4 (620cc),16534,No Match Found
2510 Mule 4x4 (620cc),16535,No Match Found
2520 Mule 4x4 (620cc),16536,No Match Found
3000 Mule 4x4 (620cc),16537,No Match Found
3010 Mule 4x4 (620cc),16538,No Match Found
3020 Mule 4x4 (620cc),16539,No Match Found
4000 Mule 4x4 (620cc),16540,No Match Found
4010 Mule 4x4 (620cc),16541,No Match Found
LT-F 250 F (Except Ozark),16542,No Match Found
LT-A 400 F King Quad Auto 4WD,16555,No Match Found
YFM 550 Grizzly w/EPS,16563,No Match Found
YFM 700 Grizzly w/EPS,16565,No Match Found
1000 Wildcat (All Models) 4x4,16570,No Match Found
1000 Wildcat 4 (All Models) 4x4,16571,No Match Found
1000 Wildcat X (All Models) 4x4,16572,No Match Found
All Electric Start Kits,16590,No Match Found
"F570, T570, Bearcat",16623,No Match Found
ZR (EFI),16640,No Match Found
"All EFI (RXL, 500 EFI)",16642,No Match Found
KDX200/220 All Years,16656,No Match Found
RX1000R RX (All Models),16704,No Match Found
103 HPQ (HIGH-PERFORMANCE QUAD) CLUTCH,16712,No Match Found
PRAIRIE ALL All Years,16714,No Match Found
KFX700 ALL All Years,16716,No Match Found
ALL SECONDARY CLUTCHES,16738,No Match Found
MXU300SD All Years,16746,No Match Found
"LT-F250, F Ozark",16749,No Match Found
KVF400-C Prairie 400 4x4 (CN),16757,No Match Found
KVF400-D Prairie 400 4x4 (CN),16758,No Match Found
"LT-A400 Eiger 2WD, F Eiger 4WD",16759,No Match Found
"LT-F400 Eiger 2WD, F Eiger 4WD",16761,No Match Found
4x4 Automatic,16766,No Match Found
"650H1, TBX650",16767,No Match Found
KLF220-A Bayou (CN),16771,No Match Found
KLF250-A Bayou (CN),16772,No Match Found
KLF300-B Bayou,16776,No Match Found
"KVF360-A,B,C Prarie 360, 4x4",16780,No Match Found
"KAF400, Mule 600, 610",16781,No Match Found
KVF400-A Prarie 4x4,16782,No Match Found
Diesel .445 Liter (secondary),16794,No Match Found
"YTM200,E, ER Tri-Moto",16803,No Match Found
"YFM350G, FG Grizzly",16812,No Match Found
YFM400FW Kodiak/Automatic,16817,No Match Found
LT-F500F Vinson Manual 4WD,16820,No Match Found
KLF300-B Bayou (CN),16824,No Match Found
KLF300-C Bayou 300 4x4 (CN),16825,No Match Found
"KVF300-A Prairie 300, 4x4 (CN)",16826,No Match Found
"KVF300-B Prairie 300, 4x4 (CN)",16827,No Match Found
KVF400-A Prairie 400 4x4 (CN),16829,No Match Found
KVF400-B Prairie 400 4x4 (CN),16830,No Match Found
Teryx All Model(CN),16851,No Match Found
YFM400FB BigBear,16858,No Match Found
YFM400FWN BigBear 4WD,16859,No Match Found
YTM450FW Kodiak/Automatic,16861,No Match Found
Cobra/CX-Sport 50 All Years,16867,No Match Found
Cobra/CX-Sport 90 All Years,16868,No Match Found
"DS90,DS90F,Quest",16871,No Match Found
"AXL,TXL,NXL,RXL",16872,No Match Found
Mini Skyhawk All Years,16873,No Match Found
KSF80-A (KFX80),16885,No Match Found
"Predator, Outlaw (expt. 07)",16891,No Match Found
"KS,KU Models All Years",16896,No Match Found
KSF400-A (KFX400),16909,No Match Found
Diesel .445 Liter (primary),16917,No Match Found
"KV650-A,B,D,E Prarie 650, 4x4",16929,No Match Found
"KSV700-A, B (KFX700)",16931,No Match Found
"KSV700-A, B Prarie 700 4x4",16932,No Match Found
"KVF700-A, B, D Prarie 700, 4x4",16933,No Match Found
CR50 Liq Cooled thru,16975,No Match Found
420/430 Dual thru,16987,No Match Found
430 H2O thru,16988,No Match Found
KDX80 All Years,16992,No Match Found
KDX175 All Years,16996,No Match Found
KDX250SR All Years,16999,No Match Found
400/420/450 All Years,17001,No Match Found
50 Jr/Sr/Adv.,17003,No Match Found
300 (all) thru,17011,No Match Found
440/495/500/550 All Years,17016,No Match Found
40 Rec. (2 petal),17017,No Match Found
50 Rec. (2 petal),17018,No Match Found
DS80 All Years,17025,No Match Found
RM250 (3 Petal),17044,No Match Found
RM250 (2 Petal),17045,No Match Found
PW80 All Years,17063,No Match Found
DT360 All Years,17083,No Match Found
700 H1 EFI 4x4 2008-2012/,17093,No Match Found
700 EFI Auto 4x4,17094,No Match Found
1000 LTD/GT/XT 4x4 (ATV models),17098,No Match Found
800 R Renegade EFI/EFI Xxc 4x4,17118,No Match Found
800 R Renegade EFI/EFI X 4x4,17119,No Match Found
800 Renegade HO EFI/EFI X 4x4,17120,No Match Found
Deere RSX850I Gator 4x4,17123,No Match Found
570 RZR 4x4 (EBS),17134,No Match Found
570 Sportsman Touring 4x4 (EBS),17138,No Match Found
800 Ranger XP 4x4 (Full Size),17146,No Match Found
800 RZR EPS 4x4 (EBS),17147,No Match Found
800 RZR 4x4 (Non EBS),17148,No Match Found
900 RZR S 60” (Non EBS),17155,No Match Found
900 RZR Trail 50” 4x4 (EBS),17156,No Match Found
900 Ranger XP 4x4 (Non EBS),17158,No Match Found
900 Ranger 4x4 (Non EBS),17159,No Match Found
800 RZR 4x4 w/ Severe Duty Belt,17192,No Match Found
900 RZR S 60” (EBS),17207,No Match Found
900 RZR XC 50” 4x4 (EBS),17209,No Match Found
1000 RZR S 60” 4x4,17213,No Match Found
1000 RZR XP High Lifter Edition,17214,No Match Found
1000 Ranger XP 4x4 (Non-EBS),17216,No Match Found
"FX, FXE Rivet Type",17221,No Match Found
"FXD, FXDL, FXDWG, FXR, FXRS, FXRT, FXRD,",17225,No Match Found
"FLT, FLHT, FLHTCI",17226,No Match Found
"FL, FLH Banana Caliper",17227,No Match Found
"FX, FXE, FXEF, FXWG, FXS",17228,No Match Found
"XL, XLH, XLCH, XLS, XLX",17229,No Match Found
"FXD, FXDL, FXDWG, FXR, FXRS, FXRT, FXRD, FXLR",17230,No Match Found
"FLHR, FLHRCI  Road King",17232,No Match Found
FLSTSB/SE  Softail Cross Bones,17234,No Match Found
FLSTSC/FLSTSCI Springer Classic,17235,No Match Found
600 Monster/ City/City Dark,17237,No Match Found
750 Monster City/City Dark,17239,No Match Found
916 Biposto-Senna,17249,No Match Found
Chief  (All/Brembo),17251,No Match Found
Dark Horse (Brembo),17252,No Match Found
668 Diamante/Ghost/Strike,17255,No Match Found
750 Syrike Bifaro/Mono Legend,17256,No Match Found
1000LE Smart ( Sport Classic),17271,No Match Found
K 75/75-S Non ABS,17277,No Match Found
K 75/75-2 Non ABS,17278,No Match Found
K 75 S Non ABS,17280,No Match Found
R45/45N Brembo Caliper,17282,No Match Found
R 65 Double Rotor,17283,No Match Found
R 80 RT Double Rotor,17286,No Match Found
R 80/R 80 RT Double Rotor,17287,No Match Found
R 100/7T Spoke & Cast Wheels,17291,No Match Found
250/350/450  Desmo,17296,No Match Found
850 II/III Le Mans,17301,No Match Found
With Brembo Calipers (750 Twins),17306,No Match Found
R 60/7 Single & Double Rotors,17307,No Match Found
R 60 TIC Single & Double Rotors,17308,No Match Found
R 80 Single & Double Rotors,17310,No Match Found
R 100 Single & Twin Rotors,17312,No Match Found
R 100/7T Single & Twin Rotors,17313,No Match Found
V 35/35 II/35 III 350,17317,No Match Found
50 Road Scarabeo Rear drum brake,17331,No Match Found
50 Scarabeo Dietech rear disk,17332,No Match Found
R45/45N ATE Caliper,17342,No Match Found
Vivacity X-Race 50/Pulsa 50,17385,No Match Found
Ludix 50 10”/14” Wheel,17390,No Match Found
R 850 GS Std & ABS Models,17401,No Match Found
R 1100 R Cast & Spoke Wheels,17403,No Match Found
FXDWGi / FXDi Low Rider,17421,No Match Found
"FXD, FXDX, FXDL, FXDWG",17424,No Match Found
"FXST, FXSTB, FXSTDI, FXSTD",17427,No Match Found
FXSTTDI / FXSTD Deuce,17428,No Match Found
"FLSTF, FLSTFi, FLSTCI, FLSTC",17429,No Match Found
"FLHRI, FLHR, FLHRCI, FLHT,FLTR, FLTR-I,FLHTCU-I",17430,No Match Found
VII Le Mans/Le Mans Tenni,17434,No Match Found
AN250M/S Skywave,17438,No Match Found
Speed Triple   VIN 141872 and up,17454,No Match Found
Daytona 955i   VIN 132513 and up,17456,No Match Found
Rocket III Classic/Touring,17461,No Match Found
GPR 50/Nude  w/Radial Caliper,17462,No Match Found
VRSCF V-Rod Muscle,17467,No Match Found
"XL 1200 C/R/N Custom , Roadster",17475,No Match Found
YZF-R125 Made in Italy,17476,No Match Found
GL 1100/1100 I Goldwing,17488,No Match Found
CB 400 T MK I Hawk,17492,No Match Found
CM 450 C (to CM 001211),17536,No Match Found
GL 500 I Silverwing Interstate,17538,No Match Found
GL 1100 A Goldwing Aspencade,17540,No Match Found
CB 450 T Hawk,17546,No Match Found
CM 450 C (from CM 001212),17547,No Match Found
CB 750 C (frame# CM 204182 UP),17548,No Match Found
GL 1200/1200 I/ 1200 A  Goldwing,17551,No Match Found
CMX 250 C/CD Rebel,17552,No Match Found
RVF 750 R (RC45) Brembo Caliper,17570,No Match Found
GL 1500/1500 SE/A/I Goldwing,17579,No Match Found
CB 500X/F/A/R/RA,17585,No Match Found
NC750XL TypeLD ABS,17591,No Match Found
PC 800 Pacific Coast 1989-1990/,17594,No Match Found
GL 1500 Valkyrie/Valkyrie Tourer,17600,No Match Found
GSF 600 Bandit ST/SV/SW,17604,No Match Found
RF 600 RR/RS/RT/RV,17605,No Match Found
GZ150 (Made in China),17634,No Match Found
XC125 (Made in Taiwan),17644,No Match Found
XC155 S Max (Japanese Majesty S),17646,No Match Found
YP 400R X-Max 250/ABS,17648,No Match Found
XS 750 SE/SF   F.Right,17661,No Match Found
XS 850 L/S   F.Right,17662,No Match Found
XS 1100 SG/SH Front Right,17663,No Match Found
XS 750 SE/SF   F.Left,17667,No Match Found
XS 850 L/S   F.Left,17669,No Match Found
XS 1100 SG/SH Front Left,17671,No Match Found
XJ 550 H/J/K Maxim,17673,No Match Found
XJ 550 RH/RJ/RK Seca,17674,No Match Found
XJ 750 RH/RJ/RK Seca,17675,No Match Found
XJ 750 J/K/MK Maxim,17688,No Match Found
FZ 700 T/TC Genesis,17693,No Match Found
FJ 1100 L/LC/N/NC,17700,No Match Found
FZR 750 Genesis RU/RT,17710,No Match Found
FZR 1000 Genesis T/TC/U/UC,17712,No Match Found
FZR 1000 Genesis W/WC,17713,No Match Found
FJ 1200 A/AC/B/BC/D/DC,17715,No Match Found
YZF-R6  ( 310mm rotor ),17718,No Match Found
YZF-R1  (5VY) / LE,17720,No Match Found
FZR 1000 EX UP A/AC/B/BC,17722,No Match Found
FJ 1200 AD/ADC/AE/AEC,17723,No Match Found
FZR 1000 EX UP D/DC/E/EC,17724,No Match Found
XVS 400 Drag Star DS4,17727,No Match Found
XVS 950CT V-Star 950 Tourer,17735,No Match Found
XVS 1100 V-Star/V-Star Custom,17752,No Match Found
XVS 1100 V-Star Silverado,17754,No Match Found
XVS 1300 V-Star 1300 / Tourer,17757,No Match Found
FZ-6 ( 4-Piston Caliper ),17759,No Match Found
YZF-R6S  ( 298mm rotor ),17762,No Match Found
YZF 750 R7 OWO2 Road version,17763,No Match Found
FZ1 1000 Naked Version,17766,No Match Found
FZS 1000 N/NC/P/PC/R/RC  FZ1,17767,No Match Found
MT-01 1670 6-Piston caliper,17774,No Match Found
XV 1700 RoadStar Warrior,17777,No Match Found
NSS 250/250 A Reflex,17785,No Match Found
FSC 600/600 A “Silverwing”,17786,No Match Found
VTX 1800  R/C-C3/S/F1-F3/N/T,17793,No Match Found
ZX6R (ZX636),17807,No Match Found
VZR 1800  Blvd M109R / R2,17816,No Match Found
GN 400 T/XT/XX/TX/TZ,17823,No Match Found
GS 450 ET/ST/EX/SX/EZ/ED,17824,No Match Found
GS 450 GAZ/GAD/GAF,17825,No Match Found
GS 450 LT/LX/LZ/LD/LF/LG/LH/LJ,17826,No Match Found
GS 750 ET/EX/EZ 16 Valve,17831,No Match Found
GS 750 LT/LX 16 Valve,17832,No Match Found
GS 750 TZ/TD 16 Valve,17833,No Match Found
GS 850 GT/GX/GZ/GD,17835,No Match Found
GS 850 GLT/GLX/GLZ/GLD,17836,No Match Found
GS 1000 GT/GX/GLT/GLX,17837,No Match Found
GV 1200 GLF/GLF2/GLG ‘Madura’,17841,No Match Found
XN 85 D 673cc,17842,No Match Found
GR 650 D/XD Tempter,17849,No Match Found
GS 650 GLX/GLZ/GLD,17852,No Match Found
GS 550 ED/ESD/ES3/ES/EF/ESF/ESG,17861,No Match Found
GZ 250 X/Y/ K1-K7 Marauder,17863,No Match Found
LS 650   Blvd. S40,17867,No Match Found
VS 800 Intruder GLN/GLP/GLR/,17872,No Match Found
GV 1400 GDG/GTG to frame# 103764,17875,No Match Found
VS 1400  Boulevard  S83,17877,No Match Found
GSX 1100 FK/FL/FM/FN/FP Katana,17881,No Match Found
GV 1400 GDG (From f. No. 103765),17882,No Match Found
ZX 6R ZX 600 G1/G2/J1-J3,17884,No Match Found
ZZR 600 J4/J6F/J7F,17885,No Match Found
ZX9R B3/B4 Ninja,17887,No Match Found
ZX9R ZX900 C1/C2,17888,No Match Found
ZRX 1200 R ZR 1200 A1-A3,17891,No Match Found
ZX-12R ZX 1200 A1/A2/B1/B2,17892,No Match Found
VN 1500 P1/P2 Vulcan Mean Streak,17893,No Match Found
GSX-R 1100 WP/WR/WS/WT/WV/WW,17895,No Match Found
GSF 1200 SK1-SK3/K1-K3 Bandit,17896,No Match Found
KZ 440  K1/D1-D4 LTD,17898,No Match Found
KZ 650 D2 SR Series,17901,No Match Found
KZ 1000 D3 Z1-R series,17908,No Match Found
KZ 650 B1/B2/B2A/B3,17911,No Match Found
KZ 650 D1/D1A SR Series,17913,No Match Found
KZ 1000 C1/C1A Police Series,17919,No Match Found
KZ 1000 D1 Z1-R series,17920,No Match Found
KZ 550 F1 Spectre F2 LTD,17930,No Match Found
KZ 550 H1/H2 GPz,17931,No Match Found
KZ 1100 D1/D2 Spectre,17950,No Match Found
ZX 6R ZX 636 B1,17953,No Match Found
VN 1600 Vulcan 1600 Mean Streak,17955,No Match Found
VZ 1600  M95 Blvd,17956,No Match Found
KZ 1000 E1/E2 ST & Shaft,17967,No Match Found
KZ 1300 A1/A2/A3/A4,17968,No Match Found
EL 250 E1/E2/E3/E4 250HS,17971,No Match Found
EX 250 E1/E2 Ninja,17973,No Match Found
EX 305 B1 GPz,17974,No Match Found
EN 450 A1-A6 454 LTD,17975,No Match Found
EN 500 A1-A6/B2,17976,No Match Found
EN 500 C1-C8 Vulcan,17977,No Match Found
ZX 550 A1-A3 GPz,17978,No Match Found
ZX 600 A1-A3/B1 Ninja,17980,No Match Found
VN 750 A2-A19 Vulcan,17984,No Match Found
ZX 750 A1/A2/A2L/A3 GPz,17985,No Match Found
ZX 750 E1/E2 Turbo,17986,No Match Found
VN 800 A1-A11 Vulcan,17987,No Match Found
ZX 900 A1-A3 Ninja,17989,No Match Found
ZG 1000 A1-A5/A7/A8 Concours,17990,No Match Found
ZX 1000 A1/A2 Ninja,17992,No Match Found
ZX 1100 A1/A2 GPz,17994,No Match Found
ZN 1300 A1-A6 Voyager,17996,No Match Found
VN 1500 A1-A12 Vulcan 88,17997,No Match Found
VN 1500 B1-B4 Vulcan,17998,No Match Found
EX 250 F2-F4/F6-F16 Ninja 250,18000,No Match Found
ZR 550 B1-B3 Zephyr,18003,No Match Found
ZR 550 B4 Zephyr,18004,No Match Found
ZX 750 F1-F4 Ninja,18007,No Match Found
ZG 1000 A9-A20  Concours,18009,No Match Found
GSF 400 M/N/P Bandit,18011,No Match Found
ZX 600 E1-E10 Ninja ZX6,18015,No Match Found
ZX 6R ZX 600 F1-F3,18017,No Match Found
ZX 750 H1/H2 ZX7,18018,No Match Found
Ninja ZX 750 J1/J2/L1-L3 ZX-7,18019,No Match Found
Ninja ZX 7R ZX750 K1/K2/M1/M2,18020,No Match Found
ZX9R B1/B2 Ninja,18021,No Match Found
KLZ1000 Versys ( Euro Model),18022,No Match Found
ZR 1100 A1-A4 Zephyr,18023,No Match Found
ZX 1100 C1-C4 ZX11 Ninja,18024,No Match Found
ZX 1100 D1-D9 ZX-11 Ninja,18025,No Match Found
VN 1700 J   Vaquero/Voyager ABS,18028,No Match Found
GSF650S/SA Bandit,18032,No Match Found
EX 650 Ninja 650 R A6F/A7F,18044,No Match Found
W 650 EJ 650 A2-A4,18045,No Match Found
ZR 750 F2 ZR-7   F. Right,18046,No Match Found
ZR7-S ZR 750 H1-H3  F. Left,18047,No Match Found
ZR7-S ZR 750 H1-H3  F. Right,18048,No Match Found
Z 750 S ( ZR 750 K1/K6F ) F.Left,18049,No Match Found
VN 800 Drifter C1/C2/E1-E3,18053,No Match Found
ZR 1100 B1 Zephyr   F. Left,18058,No Match Found
GPz 1100 ZX 1100 E1-E3  F. Left,18060,No Match Found
GPz 1100 ZX 1100 E1-E3  F.Right,18061,No Match Found
VN 1500 G3 Nomad    F.Left,18066,No Match Found
VN 1500 G3 Nomad    F.Right,18067,No Match Found
VN 1500 J1/J2/R1-R3 Drifter,18068,No Match Found
SFV400 Gladius (Non US),18077,No Match Found
VZ400 Boulevard (Non US),18079,No Match Found
GSX 600  Katana   F.Left,18083,No Match Found
GSX 600  Katana   F.Right,18084,No Match Found
SFV 650  Gladius,18088,No Match Found
GSX 750  Katana   F.Left,18090,No Match Found
GSX 750  Katana   F.Right,18091,No Match Found
GSF 750 W/X/Y Inazuma,18092,No Match Found
DL 1000 K2 V-Strom,18095,No Match Found
VL 1500 M90 Blvd  F.Left,18097,No Match Found
VL 1500 M90 Blvd  F.Right,18098,No Match Found
ZR 750 F2 ZR-7   F. Left,18099,No Match Found
RS 125 ( Radial Caliper ),18102,No Match Found
Chief Vintage (Nissan Caliper),18104,No Match Found
Z 1000 ( ZR 1000 A1/A2/A3 ),18108,No Match Found
Z 1000 ( ZR 1000 A6F ),18109,No Match Found
GSX 1300 B-King/ABS,18110,No Match Found
Z 1000 ( ZR 1000 B7F ),18131,No Match Found
Z 1000 ( ABS ) C7F,18132,No Match Found
ZX 1400 Ninja (ZZR),18133,No Match Found
NB 50/NB 50 M Aero 50,18147,No Match Found
TG 50/TG 50 M Gyro S,18152,No Match Found
SB 50/SB 50 P Elite/Elite ES,18154,No Match Found
SE/SE 50 P Elite 50/Elite 50 S,18155,No Match Found
"NCH150B/C Giorno, Giorno Sport",18160,No Match Found
"NFS501SH Today, Today F",18163,No Match Found
NSC50SH Dio Cesta/Dio,18164,No Match Found
SA 50 Elite SR/SA 50 P Elite S,18166,No Match Found
KZ 250 D1 LTD/D2 CSR,18172,No Match Found
R 80/R 80 RT Single Rotor,18177,No Match Found
R 80 PD/CH,18178,No Match Found
"Z50J Monkey Kumamon, Limited",18186,No Match Found
CH 150/150 D Elite/Elite Deluxe,18191,No Match Found
Fiddle 50 Front Drum Model,18193,No Match Found
CMX 250 C/C2  Rebel,18197,No Match Found
Peoples S 250 ( F. Left),18201,No Match Found
CW 50 W/TA Riva Zuma,18211,No Match Found
SR 250 G/H/J/TH Exciter I/II,18212,No Match Found
ZX-6R (636),18243,No Match Found
ZX600 G/J (ZX6R),18248,No Match Found
ZX900C/E/F  (ZX9R),18250,No Match Found
ZX1200A/B  (ZX12R),18251,No Match Found
ZG1400A/B/C/D CONCOURS,18254,No Match Found
ZX1400A/C  (NINJA),18255,No Match Found
"YZF-R6L, M, SN, P",18260,No Match Found
"YZF-R6RS, R6SR, R6SS",18261,No Match Found
GS750E/850/1000 All Years,18270,No Match Found
650 Maxim All Years,18273,No Match Found
VN800C1-C2 / DRIFTER,18293,No Match Found
VN900C7F-CBFA,18295,No Match Found
VN900D6F-DBF CLAS-,18296,No Match Found
VN800A1-A11 VULCAN,18321,No Match Found
VN800B1-B10  VULCAN,18322,No Match Found
ZX6RR 2003-2004 Right Side,18342,No Match Found
636 2003-2004 Right Side,18343,No Match Found
ZX6RR 2003-2004 Left Side,18344,No Match Found
636 2003-2004 Left Side,18345,No Match Found
FZS600 (FZ6) 2007-2009 Left Side,18347,No Match Found
CBR600RR 2003-2006 Right Side,18348,No Match Found
CBR600RR 2007-2010 Right Side,18349,No Match Found
CBR1000RR 2004-2007 Right Side,18350,No Match Found
CBR600RR 2003-2006 Left Side,18351,No Match Found
CBR600RR 2007-2010 Left Side,18352,No Match Found
CBR1000RR 2004-2007 Left Side,18353,No Match Found
VFR800 2000-2001 Right Side,18358,No Match Found
VFR800 2000-2001 Left Side,18359,No Match Found
VFR800 2002-2009 Right Side,18360,No Match Found
VFR800 2002-2009 Left Side,18361,No Match Found
YZF-R6W 2006-2007 Right Side,18362,No Match Found
YZF-R6W 2006-2007 Left Side,18363,No Match Found
YZF1000R1 2007-2008 Right Side,18366,No Match Found
YZF1000R1 2007-2008 Left Side,18367,No Match Found
ZX6RR 2005-2006 Right Side,18368,No Match Found
ZX6R 2005-2006 Right Side,18369,No Match Found
ZX-10R 2004-2007 Right Side,18370,No Match Found
ZX6RR 2005-2006 Left Side,18371,No Match Found
ZX6R 2005-2006 Left Side,18372,No Match Found
ZX-10R 2004-2007 Left Side,18373,No Match Found
ZX-14 2006-2007 Right Side,18375,No Match Found
ZX-14 2006-2007 Left Side,18376,No Match Found
ZX-12R 2000-2001 Right Side,18377,No Match Found
ZX-12R 2000-2001 Left Side,18378,No Match Found
ZX-12R 2002-2005 Right Side,18379,No Match Found
ZX-12R 2002-2005 Left Side,18380,No Match Found
ZX-6R 2007-2008 Right Side,18381,No Match Found
ZX-6R 2007-2008 Left Side,18382,No Match Found
EX250R NINJA 1996-2007 Left Side,18384,No Match Found
EX250R NINJA 2008-2010 Left Side,18386,No Match Found
GSXR600K2 2002-2003 Right Side,18387,No Match Found
GSXR750 K2 2002-2003 Right Side,18388,No Match Found
GSXR1000 K2 2002 Right Side,18389,No Match Found
GSXR600K2 2002-2003 Left Side,18390,No Match Found
GSXR750 K2 2002-2003 Left Side,18391,No Match Found
GSXR1000 K2 2002 Left Side,18392,No Match Found
GSXR750 1988-1999 Pair,18397,No Match Found
GSXR1100 (Pair) 1988-1999 Pair,18398,No Match Found
SV650S 2003-2008 Right Side,18399,No Match Found
GSXR1000 2003-2004 Right Side,18400,No Match Found
SV1000S 2003-2007 Right Side,18401,No Match Found
SV650S 2003-2008 Left Side,18402,No Match Found
GSXR1000 2003-2004 Left Side,18403,No Match Found
SV1000S 2003-2007 Left Side,18404,No Match Found
GSXR600 2004-2005 Right Side,18405,No Match Found
GSXR750 2004-2005 Right Side,18406,No Match Found
GSXR600 2004-2005 Left Side,18407,No Match Found
GSXR750 2004-2005 Left Side,18408,No Match Found
GSXR600 2006-2009 Right Side,18409,No Match Found
GSXR750 2006-2009 Right Side,18410,No Match Found
GSXR1000 2005-2008 Right Side,18411,No Match Found
GSXR600 2006-2009 Left Side,18412,No Match Found
GSXR750 2006-2009 Left Side,18413,No Match Found
GSXR1000 2005-2008 Left Side,18414,No Match Found
GSXR600 2001 Right Side,18415,No Match Found
GSX1300R (HAYABUSA) *Smaller mirror,18418,No Match Found
GSXR600 2001 Left Side,18419,No Match Found
YZF1000R1 2000-2001 Right Side,18422,No Match Found
YZF1000R1 2000-2001 Left Side,18423,No Match Found
FJR1300 2003-2005 Right Side,18426,No Match Found
FJR1300 2003-2005 Left Side,18427,No Match Found
YZF1000R1 2002-2003 Right Side,18428,No Match Found
YZF1000R1 2002-2003 Left Side,18429,No Match Found
YZF1000R1 2004-2006 Right Side,18430,No Match Found
YZF1000R1 2004-2006 Left Side,18431,No Match Found
YZF-R6 2003-2006 Right Side,18432,No Match Found
YZF-R6SW 2007-2009 Right Side,18433,No Match Found
YZF-R6 2003-2006 Left Side,18434,No Match Found
YZF-R6SW 2007-2009 Left Side,18435,No Match Found
YZF-R6 2001-2002 Right Side,18436,No Match Found
YZF-R6 2001-2002 Left Side,18437,No Match Found
FZS600 (FZ6) 2004-2006 Left Side,18439,No Match Found
CBR600F4 1999-2006 Right Side,18440,No Match Found
RVT1000R 2000-2006 Right Side,18441,No Match Found
RC51 2000-2006 Right Side,18442,No Match Found
CBR600F4 1999-2006 Left Side,18443,No Match Found
RVT1000R 2000-2006 Left Side,18444,No Match Found
RC51 2000-2006 Left Side,18445,No Match Found
CBR929R 2000-2001 Right Side,18450,No Match Found
CBR954 2002-2003 Right Side,18451,No Match Found
CBR929R 2000-2001 Left Side,18452,No Match Found
CBR954 2002-2003 Left Side,18453,No Match Found
VFR750F 1990-1997 Right Side,18454,No Match Found
VFR800F1 1998-1999 Right Side,18455,No Match Found
VFR750F 1990-1997 Left Side,18456,No Match Found
VFR800F1 1998-1999 Left Side,18457,No Match Found
CBR900RR 1993-1997 Right Side,18458,No Match Found
CBR900RR 1993-1997 Left Side,18459,No Match Found
TL1000R 1998-2003 Right Side,18464,No Match Found
TL1000S 1997-2001 Right Side,18465,No Match Found
TL1000R 1998-2003 Left Side,18466,No Match Found
TL1000S 1997-2001 Left Side,18467,No Match Found
XRV650 Africa Twin,18469,No Match Found
ZX6 D/E 1990-2002 Right Side,18475,No Match Found
ZZR600 2003-2004 Right Side,18476,No Match Found
ZX6 D/E 1990-2002 Left Side,18477,No Match Found
ZZR600 2003-2004 Left Side,18478,No Match Found
ZX-6R 1998-2002 Right Side,18479,No Match Found
ZZR600 2005-2008 Right Side,18480,No Match Found
ZX9R 1998-2003 Right Side,18481,No Match Found
ZX-6R 1998-2002 Left Side,18482,No Match Found
ZZR600 2005-2008 Left Side,18483,No Match Found
ZX9R 1998-2003 Left Side,18484,No Match Found
EX500 1987-1993 Left Side,18487,No Match Found
EX500 1987-1993 Right Side,18489,No Match Found
EX500 1994-2009 Right Side,18493,No Match Found
ZX600 F1-F3 1995-1997 Right Side,18494,No Match Found
EX500 1994-2009 Left Side,18496,No Match Found
ZX600 F1-F3 1995-1997 Left Side,18497,No Match Found
TDM900 2002-2008 Right Side,18499,No Match Found
TDM900 2002-2008 Left Side,18500,No Match Found
GSXR1100H/J 1987-1988 Right Side,18509,No Match Found
GSXR1100H/J 1987-1988 Left Side,18511,No Match Found
GSXR600 1992-1993 Right Side,18516,No Match Found
GSXR600 1992-1993 Left Side,18519,No Match Found
TDM850 1992-1993 Right Side,18526,No Match Found
TDM850 1992-1993 Left Side,18527,No Match Found
FZ700/750 All Years Right Side,18528,No Match Found
FZ700/750 All Years Left Side,18529,No Match Found
YZF600R 1995-2007 Right Side,18530,No Match Found
YZF750 1994-1998 Right Side,18531,No Match Found
YZF600R 1995-2007 Left Side,18532,No Match Found
YZF750 1994-1998 Left Side,18533,No Match Found
FZR1000 1994-1995 Left Side,18534,No Match Found
FZR600 1989-1999 Right Side,18535,No Match Found
FZR600 1989-1999 Left Side,18536,No Match Found
YZF-R6 1999-2000 Right Side,18537,No Match Found
FZR1000 1994-1995 Right Side,18538,No Match Found
YZF1000R1 1998-1999 Right Side,18539,No Match Found
YZF-R6 1999-2000 Left Side,18540,No Match Found
YZF1000R1 1998-1999 Left Side,18541,No Match Found
CBR600F2 1991-1994 Right Side,18542,No Match Found
CBR600F3 1995-1998 Right Side,18543,No Match Found
CBR1000F 1993-1996 Right Side,18544,No Match Found
CBR600F2 1991-1994 Left Side,18545,No Match Found
CBR600F3 1995-1998 Left Side,18546,No Match Found
CBR1000F 1993-1996 Left Side,18547,No Match Found
GS500F 2004-2008 Right Side,18548,No Match Found
GS500F 2004-2008 Left Side,18549,No Match Found
ZX-10R 2008-2010 Right Side,18554,No Match Found
ZX-10R 2008-2010 Left Side,18555,No Match Found
YZF1000R 1997 Right Side,18556,No Match Found
YZF1000R 1997 Left Side,18557,No Match Found
Scout Bobber (ABS),18559,No Match Found
500 I Auto 4x4,18568,No Match Found
500 Magnum 4x4 (non-EBS),18574,No Match Found
350 Bruin 2x4 Auto,18582,No Match Found
350 Bruin 4x4 Auto,18583,No Match Found
TRX 350 TE/FE 2x4/4x4,18588,No Match Found
TRX 350 TM/FM 2x4/4x4,18589,No Match Found
TRX 450 FE/FM/S/ES 4x4,18591,No Match Found
500 I TRX/TBX 4x4,18614,No Match Found
700 KFX 2x4 w/ Severe Belt,18629,No Match Found
500 XC 45TH AE,18642,No Match Found
GSX LE 600 HO E-TEC XP,18678,No Match Found
GSX LTD 600 HO E-TEC,18679,No Match Found
GSX LTD 600 HO SDI,18680,No Match Found
GSX LTD 800R POWER T.E.K.,18682,No Match Found
GTX LTD 600 HO SDI,18688,No Match Found
MX Z ADRENALINE 600 HO E-TEC,18700,No Match Found
MX Z ADRENALINE 600 HO SDI,18701,No Match Found
SUMMIT ADRENALINE 600 HO SDI,18731,No Match Found
500 EFI ( XTRA-12 ),18762,No Match Found
600 XC DLX 45TH AE,18768,No Match Found
700 XC DLX 45TH AE,18771,No Match Found
XLT LIMITED ( XTRA-12 ),18784,No Match Found
700 RMK (All Tracks),18786,No Match Found
600 HO FUSION (IQ - W.EVANS),18792,No Match Found
600 HO IQ CLEANFIRE,18795,No Match Found
600 HO IQ LX CLEANFIRE,18796,No Match Found
700 FUSION (IQ-W.EVANS),18800,No Match Found
900 FUSION (IQ-W.EVANS),18803,No Match Found
GSX LTD 600 HO (R),18829,No Match Found
GSX LTD1+1 600 HO (R),18831,No Match Found
GSX LTD1+1 800 HO (R),18832,No Match Found
GSX SPORT1+1 600 HO (R),18838,No Match Found
MX Z ADRENALINE 500 (R),18874,No Match Found
"CAT CHEETAH F/C, L/C TOURING",18901,No Match Found
CAT JAG  AFS L/T,18902,No Match Found
"CAT PANTHER AFS, DLX, M, CAT",18905,No Match Found
"INDT 440, SKS, XCR",18912,No Match Found
"INDY 500 EFI, RXL, SKS",18915,No Match Found
"LITE, DELUXE, GT, STARLITE, GT",18917,No Match Found
"STARLITE, SUPERTRAK, WIDETRAK",18920,No Match Found
"SS 1978-1983,",18933,No Match Found
"700 RMK, SKS, LITE GT",18975,No Match Found
"INDY 440, SKS, XLT, SKS",18978,No Match Found
"INDY 500 CARB, EFI SKS",18980,No Match Found
"INDY 500 EFI SKS, RXL, SKS",18981,No Match Found
"INDY 500, CLASSIC, SUPERTRAK",18983,No Match Found
"LITE, DELUXE, LITE GT, STARLITE",18989,No Match Found
"SAFARI DELUXE, L, RALLY",19004,No Match Found
Cat 400 4X4 Act Auto,19007,No Match Found
Cat 400 2X4 Automatic,19008,No Match Found
Cat 400 4X4 Automatic LE,19011,No Match Found
Cat 400 4x4 Automatic TBX,19012,No Match Found
Cat 400 4X4 Automatic TRV,19013,No Match Found
Cat 400 4X4 Automatic  VP,19014,No Match Found
Cat 500 4X4  Automatic LE,19020,No Match Found
Cat 500 4X4  Automatic TBX,19021,No Match Found
Cat 500 4X4  Automatic TRV,19022,No Match Found
375/400 MXU Maxxer,19023,No Match Found
LT-F/A  400  Eiger,19025,No Match Found
LT-A/F  400 F   King Quad,19026,No Match Found
LT-F / LT-A 500 F Quadrunner,19028,No Match Found
LT-A 500  F/K  Vinson,19029,No Match Found
LT-A 500 X-L1  King Quad,19030,No Match Found
"KLF 400 Bayou 2X4, 4X4",19035,No Match Found
"325 Magnum,Trail Boss, Xpedition",19041,No Match Found
500 Ranger 2x4/4x4/6x6 /Crew,19060,No Match Found
YFM 350 Bruin Automatic/Hunter,19065,No Match Found
YFM 400 Kodiak Automatic,19069,No Match Found
"YFM 450 Kodiak All Auto, 4WD",19070,No Match Found
YXR 450 Rhino Auto 4x4   SXS,19072,No Match Found
YFM 660 Grizzly  All Models,19073,No Match Found
YXR 660 Rhino All Models,19074,No Match Found
MULE 600 ((KAF400-B1/B6F/B7F),19147,No Match Found
Cat ATV 150 UTILTIY,19151,No Match Found
Cat ATV 300 2X4 UTILITY,19154,No Match Found
Cat ATV 300 2X4 UTILTY,19158,No Match Found
Cat 650 V-TWIN FIS AUTO,19196,No Match Found
Cat 650 V-TWIN FIS AUTOMATIC,19197,No Match Found
Cat 650 SE TWIN FIS AUTOMATIC,19198,No Match Found
Cat 650 TWIN FIS AUTOMATIC,19199,No Match Found
2016 CFORCE 400AU ATV 400CC,19235,No Match Found
CFORCE X6 LONG WB ATV EFI 600CC,19253,No Match Found
Z6-EX (TERRACROSS 625 EX),19259,No Match Found
X6 (TERRALANDER 625) LONGWB EFI,19260,No Match Found
X6 (TERRALANDER 625) SHORTWB EFI,19261,No Match Found
X5 (TERRALANDER 500) LONGWB EFI,19262,No Match Found
X5 (TERRALANDER 500) LONGWB CARB,19263,No Match Found
X5 SWB ATV CARB (1-SEATER) 500CC,19269,No Match Found
X5 LWB ATV CARB (2-SEATER) 500CC,19270,No Match Found
X5 LWB ATV EFI (2-SEATER) 500CC,19271,No Match Found
X5 SWB ATV EFI (1-SEATER) 500CC,19279,No Match Found
X6 SWB ATV EFI (1-SEATER) 600CC,19280,No Match Found
RANCHER 500 UTV UTILITY 500CC,19282,No Match Found
RANCHER 600 UTV UTILITY 500CC,19283,No Match Found
X6 (TERRALANDER 625) LONGWB,19285,No Match Found
X6 (TERRALANDER 625) SHORTWB,19286,No Match Found
X5 LWB ATV EFI (2-SEATER)500CC,19287,No Match Found
X6 LWB ATV EFI (2-SEATER) 600CC,19288,No Match Found
CFORCE 800 ATV (2-SEATER) 800CC,19301,No Match Found
UFORCE 800 EX UTV UTILITY 800CC,19302,No Match Found
Z8-EX (TERRACROSS 800 EX),19308,No Match Found
Deere  HPX 4X4 GATOR,19314,No Match Found
Deere  4X4 HPX GATOR (DIESEL),19316,No Match Found
Deere  4X4 HPX GATOR,19317,No Match Found
Deere  HPX 4X2 GATOR,19319,No Match Found
Deere  TH 6X4 GATOR (DIESEL),19320,No Match Found
Deere  TH 6X4 GATOR (GAS),19321,No Match Found
Deere  TS 4X2 GATOR,19322,No Match Found
Deere  GATOR TS (351CC),19324,No Match Found
Deere  TX GATOR (675CC),19325,No Match Found
Deere  TX 4X2 GATOR (401CC),19328,No Match Found
Deere  GATOR TS (286CC),19329,No Match Found
Deere  XUV 550 GATOR,19331,No Match Found
Deere  XUV 550 GATOR S4 (570CC),19332,No Match Found
Deere  XUV 625I GATOR,19333,No Match Found
Deere  XUV 620I GATOR,19334,No Match Found
Deere  GATOR 617CC,19341,No Match Found
Deere  TRAIL GATOR (617CC),19342,No Match Found
Deere  GATOR 286CC,19344,No Match Found
Deere  TRAIL GATOR (286CC),19345,No Match Found
MULE 550  (KAF300-C4/C5/C6/C7),19362,No Match Found
MULE 520 (KAF300-D1/D2),19363,No Match Found
RZR XP 800 (EAN) EUROPE ONLY,19389,No Match Found
Cat 400 4X4 AUTO LE,19392,No Match Found
Cat TRV 400 4X4 AUTO PLUS,19393,No Match Found
Cat 400 4X4 FIS AUTO,19394,No Match Found
Cat 400 4X4 VP AUTO,19395,No Match Found
Cat 400 FIS AUTOMATIC,19397,No Match Found
Cat 400 4X4 AUTO FIS,19398,No Match Found
Cat 400 2X4 AUTO FIS,19399,No Match Found
Cat 500 4X4 FIS AUTO,19417,No Match Found
Cat 500 FIS AUTOMATIC,19419,No Match Found
Cat 500 4X4 AUTO FIS,19422,No Match Found
LTA500F AUTO 4WD,19430,No Match Found
Cat 90 YOUTH 2-STROKE,19433,No Match Found
Cat ATV 700 MUD PRO LTD,19450,No Match Found
Cat 550 H1 EFI MAX-4 CAMO,19510,No Match Found
Cat 700 H1 EFI MAX-4 CAMO,19512,No Match Found
Cat 700 H1 EFI MUDPRO,19513,No Match Found
Cat PROWLER 650  H1 4X4 AUTO,19516,No Match Found
Cat PROWLER 650  H1 4X4 AUTO TBX,19517,No Match Found
Cat 650 H1 4X4 AUTO TBX,19520,No Match Found
Cat 650 H1 4X4 AUTO LE,19521,No Match Found
Cat TRV 650 H1 4X4 AUTO PLUS,19524,No Match Found
Cat TRV 650 H1 4X4 AUTO PLUS LE,19525,No Match Found
Cat 90 YOUTH 4-STROKE,19628,No Match Found
Cat ATV 90 2X4 UTILITY,19631,No Match Found
Cat ATV 90 2X4 DVX,19632,No Match Found
Deere  BUCK 650 AUTO,19703,No Match Found
GRIZZLY 700 FI AUTO. 4X4 EPS SE,19710,No Match Found
GRIZZLY 550 FI AUTO. 4X4 EPS,19713,No Match Found
"GRIZZLY 700 FI AUTO, 4X4 EPS",19715,No Match Found
700 FI EPS 4WD SPECIAL EDITION,19718,No Match Found
GRIZZLY 660 AUTO 4X4 LIMITED,19729,No Match Found
RZR XP 800 (ALL LESS EAN),19750,No Match Found
Deere  BUCK 500 AUTO,19838,No Match Found
Cat 700 EFI 4X4 AUTO,19844,No Match Found
Cat TRV 700 EFI 4X4 AUTO LE,19845,No Match Found
Cat 700 EFI 4X4 AUTO LE,19846,No Match Found
Cat ATV 1000 MUD PRO LTD,19872,No Match Found
TERYX 750 (ALL VERSIONS),20047,No Match Found
Deere  XUV 825I GATOR (812CC),20059,No Match Found
Deere  XUV 825I GATOR S4 (812CC),20060,No Match Found
Deere  XUV 855D GATOR,20061,No Match Found
Deere  RSX850I GATOR(839CC),20062,No Match Found
Deere  RSX850I SPORT (839CC),20063,No Match Found
Deere  RSX850I TRAIL (839CC),20064,No Match Found
KLF185-A Bayou,20073,No Match Found
"LT-F250F QuadRunner (CN,Opt)",20084,No Match Found
"LT-F4WDX KingQuad (CN,Opt)",20085,No Match Found
"LT-F300F KingQuad (CN,Opt)",20086,No Match Found
Motor Sports KD50 All Years,20087,No Match Found
Motor Sports KD80 All Years,20088,No Match Found
Motor Sports KD125 All Years,20089,No Match Found
KLF110-B Mojove (Elec.Start),20090,No Match Found
"MXZ X E-Tec, Summit E-Tec",20095,No Match Found
"GSX,GTX, Tundra, MX Z",20101,No Match Found
"Expedition, Freestyle, Skandic",20102,No Match Found
"GSX, GTX, MX Z",20104,No Match Found
570 Sportsman EFI 4x4 (Non EBS),20111,No Match Found
570 Sportsman Touring (Non EBS),20113,No Match Found
"FX, FXE, FXEF, FXWG, FXS Banana Caliper",20114,No Match Found
"FXWG, FXSB",20116,No Match Found
"FXST, FXSTB, FXSTC, FXSTS, FLST, FLSTC, Late",20118,No Match Found
"XL, XLH, XLCH, XLS, XLX Late",20119,No Match Found
"FXD, FXDL, FXDWG, FXR, FXRS, FXRT, FXRD, FXLR Late",20120,No Match Found
1200 Breva Sport 4V ABS,20129,No Match Found
K 75/75-S ABS,20135,No Match Found
K 100 all models Sept. 1988-1991,20137,No Match Found
Skorpion Tour/Traveller,20158,No Match Found
GRP 50 Nude w/Radial Caliper,20166,No Match Found
GRP 125 Nude w/Radial Caliper,20167,No Match Found
DB10/DB5R 1078,20182,No Match Found
DB7 1098 Delirio,20183,No Match Found
DB8SP 1198 Monopost,20186,No Match Found
Sport Touring 996cc ST4S-ABS,20201,No Match Found
675 Brutale/F3/F3 Serie Oro,20220,No Match Found
XB12X Ulysses/SGC Lightning/long,20248,No Match Found
Daytona 675 R  (Brembo Calipers),20251,No Match Found
YZF-R1 (6-Piston),20260,No Match Found
FZR 1000 EX UP F/FC/G/GC,20263,No Match Found
GTS 1000 AE/AEC/AF/AFC,20264,No Match Found
XL 1000 Varadero ( Non U.S.),20273,No Match Found
GSF 1200 SAV Bandit ABS,20281,No Match Found
RF 900 RR/RS/RS2,20282,No Match Found
VLR 1800  Blvd C109R / RT,20289,No Match Found
XL883 Super Low/ Iron 883/883R,20290,No Match Found
GN125-2F (China Made),20315,No Match Found
ST250X E-Type,20317,No Match Found
UT125X NEX125 (Made in Taiwan),20328,No Match Found
SpacyII 100 Made in Thailand,20334,No Match Found
Jag AFS LT 1 Speed,20423,No Match Found
Jag AFS LT 2 Speed,20424,No Match Found
570 RZR (Non EBS),20562,No Match Found
570 Ranger Full-Size (Non EBS),20575,No Match Found
570 Ranger EFI Full-Size 4x4,20576,No Match Found
570 Ranger EFI Mid-Size 4x4,20577,No Match Found
"1000 Maverick STD, XRS, XRS-DPS",20631,No Match Found
Snow All  Models,20651,No Match Found
Industries Skylark,20675,No Match Found
Industries Skylark 248,20676,No Match Found
Industries Skylark 292,20677,No Match Found
Rampage J30-153-HP,20946,No Match Found
Rampage J32-153-HP,20947,No Match Found
Ski Horse J251HP,20957,No Match Found
Penny All Models,20965,No Match Found
Deere 300 (SALSBURY 780),21135,No Match Found
RAMPAGE J30-153-HP,21180,No Match Found
RAMPAGE J32-153-HP,21181,No Match Found
SKI HORSE J251HP,21207,No Match Found
"MARK I, II, III, & IV",21231,No Match Found
TRX650FA / FGA  Rincon,21256,No Match Found
TRX680FA / FGA  Rincon,21257,No Match Found
TRX500FA / FE / FM,21258,No Match Found
TRX250 TE/TM  Recon,21275,No Match Found
YFM350FR Moto-4,21315,No Match Found
LT-F500F  Vinson,21327,No Match Found
LT-A500F  Vinson,21328,No Match Found
LT-500R  Quad Zilla,21338,No Match Found
LT230E / GE,21339,No Match Found
350 ETX/Tuareg Wind,21349,No Match Found
XC-F / XCF-W 250,21353,No Match Found
XC-F 250 / XCF-W 250,21360,No Match Found
"XL 350 R, RG, RF, RH",21379,No Match Found
MXC/EXC/SX 400 *(LONG),21409,No Match Found
XC/EXC/MXC 450 *(LONG),21411,No Match Found
MXC/EXC/SX 520 *(LONG),21412,No Match Found
450/525 XC ATV (LONG),21413,No Match Found
EXC/MXC/XC/SX 525 * (LONG),21414,No Match Found
SXS 540 * (LONG),21415,No Match Found
SMC 625 * (LONG),21416,No Match Found
"SXC 625, SXC *(LONG)",21417,No Match Found
ETV 1000 Caponord/Rally Raid,21418,No Match Found
MXC/EXC/SX 400 *(SHORT),21420,No Match Found
XC/EXC/MXC 450 *(SHORT),21422,No Match Found
MXC/EXC/SX 520 *(SHORT),21423,No Match Found
450/525 XC ATV (SHORT),21424,No Match Found
EXC/MXC/XC/SX 525 * (SHORT),21425,No Match Found
"TT-R 230 V/VC,W/WC",21443,No Match Found
"TT 350 S,T,W,A,B",21444,No Match Found
125 Caballero All Models,21460,No Match Found
250 Caballero TF ES,21461,No Match Found
RANGER RZR XP 4 TURBO S VELOCITY,21494,No Match Found
150 XC-W i (Fuel Injected),21502,No Match Found
250 XC i (Fuel Injected),21503,No Match Found
300 XC i (Fuel Injected),21504,No Match Found
TE 150i (Fuel Injected),21515,No Match Found
M7 (ALL OPTIONS),21572,No Match Found
M8 (ALL OPTIONS),21573,No Match Found
PANTERA 800 EFI (ALL OPTIONS),21579,No Match Found
ZL 600 EFI (ESR ),21590,No Match Found
ZL 600 EFI SS ( ESR),21591,No Match Found
ZL 800 (ALL OPTIONS),21592,No Match Found
ZR 500 EFI (ESR),21593,No Match Found
ZR 600 EFI - LE REVERSE,21595,No Match Found
ZR 800 (ALL OPTIONS),21596,No Match Found
ZR 800 EFI (ALL OPTIONS),21597,No Match Found
ZR 900 (ALL OPTIONS),21599,No Match Found
ZR 900 EFI (ALL OPTIONS),21600,No Match Found
340 FAN COOLED TWIN,21601,No Match Found
"500 EFI SKS 1993-1994,",21609,No Match Found
"500 SKS 1989-1992, 1995,",21614,No Match Found
"500 XC 1999,",21617,No Match Found
500 XC SP EDGE (ALL OPTIONS),21618,No Match Found
600 INDY/SP/INTL ALL,21626,No Match Found
600 IQ DRAGON/600 IQ LX/EURO,21627,No Match Found
600 RMK 144 2003 &,21632,No Match Found
600 RUSH PRO R ALL,21633,No Match Found
600 RUSH PRO S/X ALL,21634,No Match Found
600 SHIFT 136/ES/INTL,21636,No Match Found
600 XC SP EDGE (ALL OPTIONS),21642,No Match Found
800 RMK (ALL OPTIONS),21652,No Match Found
800 RMK 144/155/163 ALL,21653,No Match Found
800 RUSH PRO S/X ALL,21654,No Match Found
800 RUSH PRO-R  ALL,21655,No Match Found
"EURO 440 SKS 1993,",21663,No Match Found
"EURO 500 EFI 1993-1994,",21667,No Match Found
"EURO 500 SKS 1993,",21671,No Match Found
"EURO CLASSIC TOURING 1993-1994,",21673,No Match Found
"EURO WIDE TRAK GT 1994-1995,",21682,No Match Found
"EURO WIDE TRAK LX 1995-1998,",21683,No Match Found
FIN 500/500 SP/500 CLASSIC,21684,No Match Found
INDY 400 TWIN LONG TRACK,21690,No Match Found
INDY FUJI MOTOR INDY XCR 600 SP,21694,No Match Found
"LITE EURO 1993-1994,",21698,No Match Found
"LONGTRAK W/REVERSE 1986-1987,",21701,No Match Found
NOR LONGTRAK W/REVERSE,21702,No Match Found
"521, 534, 537 TWIN",21736,No Match Found
GSX 500SS/SPORT %))SS  (593),21758,No Match Found
GTX LE 600 H.O. ETEC,21766,No Match Found
HIGHMARK & HIGHMARK X,21768,No Match Found
MX Z 1000 SDI RENEGADE RT,21775,No Match Found
MX Z 500SS ADRENALINE 593,21779,No Match Found
MX Z 50TH ANNIVERSARY,21780,No Match Found
MX Z 600 HO SDI ADRENALINE & X,21784,No Match Found
MX Z 800 HO RENEGADE & REN./ X,21788,No Match Found
MX Z ADRENALINE 600HO ETEC,21790,No Match Found
MX Z ADRENALINE 800 HO PTEK,21791,No Match Found
"SKANDIC TUNDRA, STD, SPORT, LT",21828,No Match Found
XL-V - XL540J,21844,No Match Found
Deere Buck 500 4x4 Auto,21867,No Match Found
Deere Buck 500 EX 4x4,21868,No Match Found
Deere Buck 500 EXT 4x4,21869,No Match Found
Dresser FLHR/C/S/I,21874,No Match Found
Talon 1000X-4 Fox Live Valve,21912,No Match Found
Deere GATOR HPX 4X4,21919,No Match Found